datetime,Will Israel or the US target an Iranian nuclear facility,Will Israel or the US target an Iranian oil or gas facility,Will Israel or the US target Fordow nuclear facility,Will Israel or the US target Isfahan Nuclear Technology Center nuclear facility,Will Israel or the US target Natanz Uranium Enrichment Facility
2026-03-01 09:20:00,0.5,0.5,0.5,0.5,
2026-03-01 09:21:00,0.5,0.5,0.5,0.5,0.5
2026-03-01 09:30:00,0.5,0.5,0.5,0.5,0.5
2026-03-01 09:31:00,0.5,0.5,0.5,0.5,0.5
2026-03-01 09:40:00,0.5,0.5,0.5,0.5,0.5
2026-03-01 09:41:00,0.5,0.5,0.5,0.5,0.5
2026-03-01 09:50:00,0.5,0.5,0.5,0.5,0.5
2026-03-01 09:51:00,0.5,0.5,0.5,0.5,0.5
2026-03-01 10:00:00,0.505,0.505,0.505,0.5,0.5
2026-03-01 10:01:00,0.505,0.505,0.505,0.5,0.5
2026-03-01 10:10:00,0.505,0.505,0.505,0.5,0.5
2026-03-01 10:11:00,0.505,0.505,0.505,0.5,0.5
2026-03-01 10:20:00,0.505,0.505,0.535,0.535,0.5
2026-03-01 10:21:00,0.505,0.505,0.535,0.535,0.5
2026-03-01 10:30:00,0.835,0.535,0.535,0.535,0.5
2026-03-01 10:31:00,0.835,0.535,0.535,0.535,0.535
2026-03-01 10:40:00,0.835,0.535,0.535,0.585,0.535
2026-03-01 10:41:00,0.835,0.535,0.535,0.585,0.535
2026-03-01 10:50:00,0.835,0.61,0.61,0.61,0.535
2026-03-01 10:51:00,0.835,0.61,0.61,0.61,0.61
2026-03-01 11:00:00,0.835,0.885,0.61,0.61,0.61
2026-03-01 11:01:00,0.8,0.885,0.61,0.61,0.61
2026-03-01 11:10:00,0.8,0.875,0.885,0.555,0.61
2026-03-01 11:11:00,0.8,0.875,0.885,0.555,0.545
2026-03-01 11:20:00,0.835,0.875,0.885,0.555,0.545
2026-03-01 11:21:00,0.835,0.875,0.885,0.555,0.545
2026-03-01 11:30:00,0.835,0.475,0.885,0.555,0.545
2026-03-01 11:31:00,0.835,0.475,0.885,0.555,0.545
2026-03-01 11:40:00,0.835,0.465,0.885,0.555,0.545
2026-03-01 11:41:00,0.835,0.465,0.885,0.555,0.545
2026-03-01 11:50:00,0.835,0.47,0.885,0.555,0.545
2026-03-01 11:51:00,0.835,0.47,0.885,0.555,0.545
2026-03-01 12:00:00,0.835,0.47,0.885,0.555,0.545
2026-03-01 12:01:00,0.835,0.47,0.885,0.59,0.545
2026-03-01 12:10:00,0.945,0.715,0.91,0.9,0.785
2026-03-01 12:20:00,0.95,0.715,0.945,0.95,0.785
2026-03-01 12:21:00,0.95,0.715,0.945,0.95,0.785
2026-03-01 12:30:00,0.935,0.715,0.945,0.95,0.785
2026-03-01 12:31:00,0.935,0.715,0.945,0.95,0.785
2026-03-01 12:40:00,0.945,0.49,0.945,0.95,0.785
2026-03-01 12:41:00,0.945,0.49,0.945,0.95,0.56
2026-03-01 12:50:00,0.95,0.475,0.945,0.95,0.56
2026-03-01 12:51:00,0.95,0.475,0.945,0.95,0.56
2026-03-01 13:00:00,0.95,0.48,0.84,0.95,0.56
2026-03-01 13:01:00,0.95,0.48,0.84,0.95,0.56
2026-03-01 13:10:00,0.95,0.48,0.54,0.6,0.56
2026-03-01 13:11:00,0.95,0.48,0.54,0.6,0.56
2026-03-01 13:20:00,0.95,0.485,0.575,0.6,0.56
2026-03-01 13:21:00,0.95,0.485,0.575,0.6,0.57
2026-03-01 13:30:00,0.95,0.41,0.58,0.6,0.57
2026-03-01 13:31:00,0.95,0.41,0.58,0.6,0.57
2026-03-01 13:40:00,0.95,0.32,0.58,0.6,0.57
2026-03-01 13:41:00,0.95,0.32,0.58,0.6,0.57
2026-03-01 13:50:00,0.95,0.32,0.58,0.6,0.57
2026-03-01 13:51:00,0.95,0.32,0.58,0.6,0.57
2026-03-01 14:01:00,0.95,0.32,0.58,0.6,0.57
2026-03-01 14:10:00,0.95,0.32,0.58,0.62,0.57
2026-03-01 14:20:00,0.945,0.32,0.58,0.62,0.57
2026-03-01 14:21:00,0.945,0.32,0.58,0.62,0.57
2026-03-01 14:30:00,0.945,0.32,0.58,0.62,0.57
2026-03-01 14:31:00,0.945,0.32,0.58,0.62,0.51
2026-03-01 14:41:00,0.945,0.365,0.58,0.62,0.74
2026-03-01 14:50:00,0.945,0.365,0.58,0.62,0.74
2026-03-01 14:51:00,0.945,0.365,0.58,0.62,0.53
2026-03-01 15:00:00,0.945,0.365,0.58,0.62,0.53
2026-03-01 15:01:00,0.945,0.365,0.58,0.62,0.53
2026-03-01 15:10:00,0.945,0.265,0.58,0.62,0.53
2026-03-01 15:11:00,0.945,0.265,0.58,0.62,0.74
2026-03-01 15:21:00,0.945,0.265,0.465,0.62,0.74
2026-03-01 15:30:00,0.945,0.265,0.465,0.62,0.74
2026-03-01 15:31:00,0.945,0.265,0.465,0.62,0.74
2026-03-01 15:40:00,0.945,0.275,0.465,0.62,0.74
2026-03-01 15:41:00,0.945,0.275,0.465,0.61,0.74
2026-03-01 15:51:00,0.945,0.275,0.465,0.61,0.745
2026-03-01 16:00:00,0.945,0.275,0.465,0.61,0.745
2026-03-01 16:01:00,0.945,0.275,0.465,0.61,0.75
2026-03-01 16:10:00,0.945,0.275,0.465,0.61,0.755
2026-03-01 16:20:00,0.945,0.275,0.465,0.61,0.755
2026-03-01 16:21:00,0.945,0.275,0.465,0.61,0.755
2026-03-01 16:30:00,0.945,0.275,0.465,0.61,0.755
2026-03-01 16:31:00,0.945,0.275,0.465,0.625,0.755
2026-03-01 16:40:00,0.94,0.395,0.465,0.62,0.755
2026-03-01 16:50:00,0.82,0.395,0.465,0.62,0.755
2026-03-01 16:51:00,0.82,0.395,0.465,0.62,0.755
2026-03-01 17:01:00,0.77,0.385,0.465,0.62,0.755
2026-03-01 17:10:00,0.735,0.385,0.465,0.62,0.755
2026-03-01 17:20:00,0.75,0.41,0.465,0.62,0.755
2026-03-01 17:21:00,0.75,0.41,0.465,0.62,0.755
2026-03-01 17:30:00,0.75,0.48,0.55,0.62,0.755
2026-03-01 17:31:00,0.75,0.48,0.55,0.62,0.565
2026-03-01 17:40:00,0.75,0.48,0.55,0.62,0.565
2026-03-01 17:41:00,0.755,0.49,0.55,0.62,0.565
2026-03-01 17:50:00,0.755,0.49,0.465,0.925,0.565
2026-03-01 17:51:00,0.755,0.49,0.465,0.925,0.565
2026-03-01 18:00:00,0.755,0.485,0.465,0.925,0.565
2026-03-01 18:01:00,0.895,0.485,0.45,0.62,0.565
2026-03-01 18:10:00,0.875,0.485,0.45,0.62,0.565
2026-03-01 18:11:00,0.875,0.485,0.45,0.62,0.565
2026-03-01 18:20:00,0.86,0.475,0.45,0.615,0.565
2026-03-01 18:21:00,0.86,0.475,0.45,0.615,0.565
2026-03-01 18:30:00,0.94,0.475,0.46,0.615,0.565
2026-03-01 18:31:00,0.94,0.475,0.46,0.615,0.565
2026-03-01 18:40:00,0.84,0.475,0.5,0.62,0.565
2026-03-01 18:41:00,0.84,0.475,0.5,0.62,0.565
2026-03-01 18:50:00,0.84,0.485,0.5,0.62,0.565
2026-03-01 18:51:00,0.94,0.485,0.51,0.625,0.58
2026-03-01 19:00:00,0.945,0.485,0.51,0.625,0.58
2026-03-01 19:01:00,0.945,0.485,0.51,0.625,0.58
2026-03-01 19:10:00,0.945,0.485,0.51,0.625,0.58
2026-03-01 19:11:00,0.945,0.485,0.51,0.625,0.58
2026-03-01 19:20:00,0.945,0.485,0.51,0.63,0.59
2026-03-01 19:31:00,0.945,0.485,0.51,0.63,0.695
2026-03-01 19:40:00,0.945,0.48,0.51,0.63,0.695
2026-03-01 19:41:00,0.945,0.48,0.51,0.645,0.755
2026-03-01 19:50:00,0.94,0.48,0.51,0.685,0.775
2026-03-01 20:01:00,0.935,0.48,0.51,0.69,0.78
2026-03-01 20:10:00,0.955,0.48,0.515,0.69,0.77
2026-03-01 20:20:00,0.955,0.48,0.535,0.74,0.77
2026-03-01 20:30:00,0.955,0.48,0.535,0.74,0.77
2026-03-01 20:31:00,0.96,0.48,0.535,0.74,0.77
2026-03-01 20:40:00,0.96,0.48,0.54,0.745,0.77
2026-03-01 20:41:00,0.96,0.48,0.54,0.745,0.785
2026-03-01 20:50:00,0.955,0.48,0.545,0.745,0.785
2026-03-01 20:51:00,0.955,0.48,0.545,0.755,0.85
2026-03-01 21:00:00,0.955,0.48,0.55,0.755,0.85
2026-03-01 21:01:00,0.955,0.48,0.55,0.755,0.845
2026-03-01 21:10:00,0.955,0.48,0.55,0.575,0.77
2026-03-01 21:20:00,0.96,0.48,0.555,0.76,0.77
2026-03-01 21:21:00,0.96,0.48,0.555,0.76,0.77
2026-03-01 21:30:00,0.96,0.48,0.555,0.76,0.77
2026-03-01 21:31:00,0.96,0.48,0.555,0.59,0.77
2026-03-01 21:41:00,0.96,0.48,0.555,0.775,0.78
2026-03-01 21:50:00,0.96,0.48,0.575,0.775,0.78
2026-03-01 21:51:00,0.96,0.48,0.575,0.775,0.865
2026-03-01 22:00:00,0.96,0.48,0.575,0.775,0.865
2026-03-01 22:01:00,0.96,0.48,0.65,0.775,0.865
2026-03-01 22:10:00,0.96,0.48,0.735,0.615,0.865
2026-03-01 22:11:00,0.96,0.48,0.735,0.615,0.86
2026-03-01 22:21:00,0.96,0.48,0.645,0.615,0.86
2026-03-01 22:31:00,0.96,0.405,0.645,0.615,0.85
2026-03-01 22:40:00,0.96,0.465,0.665,0.63,0.85
2026-03-01 22:41:00,0.96,0.465,0.665,0.63,0.87
2026-03-01 22:50:00,0.96,0.465,0.675,0.655,0.87
2026-03-01 22:51:00,0.96,0.465,0.675,0.655,0.87
2026-03-01 23:01:00,0.965,0.45,0.675,0.75,0.87
2026-03-01 23:10:00,0.965,0.45,0.675,0.75,0.87
2026-03-01 23:11:00,0.965,0.45,0.675,0.75,0.87
2026-03-01 23:20:00,0.96,0.45,0.675,0.745,0.87
2026-03-01 23:21:00,0.96,0.45,0.675,0.745,0.875
2026-03-01 23:30:00,0.96,0.45,0.675,0.745,0.855
2026-03-01 23:31:00,0.96,0.45,0.71,0.78,0.85
2026-03-01 23:40:00,0.96,0.45,0.675,0.745,0.85
2026-03-01 23:41:00,0.96,0.45,0.675,0.745,0.855
2026-03-01 23:50:00,0.96,0.45,0.675,0.735,0.855
2026-03-01 23:51:00,0.96,0.45,0.675,0.735,0.84
2026-03-02 00:00:00,0.96,0.445,0.675,0.735,0.84
2026-03-02 00:01:00,0.96,0.445,0.675,0.735,0.845
2026-03-02 00:10:00,0.96,0.445,0.675,0.74,0.845
2026-03-02 00:11:00,0.96,0.445,0.675,0.74,0.845
2026-03-02 00:20:00,0.96,0.47,0.685,0.745,0.845
2026-03-02 00:21:00,0.96,0.47,0.685,0.745,0.845
2026-03-02 00:30:00,0.96,0.485,0.685,0.745,0.845
2026-03-02 00:31:00,0.96,0.485,0.685,0.745,0.845
2026-03-02 00:41:00,0.959,0.485,0.68,0.75,0.845
2026-03-02 00:50:00,0.959,0.485,0.68,0.74,0.845
2026-03-02 00:51:00,0.959,0.485,0.68,0.74,0.84
2026-03-02 01:00:00,0.9585,0.49,0.68,0.74,0.84
2026-03-02 01:01:00,0.9585,0.49,0.68,0.835,0.845
2026-03-02 01:10:00,0.934,0.465,0.65,0.835,0.845
2026-03-02 01:11:00,0.934,0.465,0.65,0.85,0.845
2026-03-02 01:20:00,0.934,0.465,0.655,0.85,0.845
2026-03-02 01:21:00,0.934,0.465,0.655,0.85,0.845
2026-03-02 01:30:00,0.933,0.44,0.655,0.85,0.845
2026-03-02 01:31:00,0.933,0.44,0.645,0.855,0.845
2026-03-02 01:40:00,0.9385,0.38,0.65,0.855,0.845
2026-03-02 01:41:00,0.9385,0.38,0.65,0.855,0.845
2026-03-02 01:50:00,0.936,0.37,0.645,0.845,0.845
2026-03-02 01:51:00,0.936,0.37,0.645,0.845,0.845
2026-03-02 02:00:00,0.936,0.37,0.645,0.845,0.845
2026-03-02 02:01:00,0.936,0.37,0.65,0.845,0.84
2026-03-02 02:10:00,0.939,0.37,0.635,0.855,0.84
2026-03-02 02:11:00,0.939,0.37,0.635,0.855,0.84
2026-03-02 02:21:00,0.939,0.395,0.64,0.86,0.84
2026-03-02 02:30:00,0.939,0.395,0.64,0.86,0.84
2026-03-02 02:31:00,0.939,0.395,0.64,0.86,0.84
2026-03-02 02:40:00,0.9305,0.4,0.64,0.86,0.84
2026-03-02 02:41:00,0.9305,0.4,0.64,0.86,0.845
2026-03-02 02:50:00,0.931,0.405,0.63,0.865,0.845
2026-03-02 02:51:00,0.931,0.405,0.63,0.865,0.86
2026-03-02 03:00:00,0.931,0.405,0.63,0.865,0.86
2026-03-02 03:01:00,0.931,0.405,0.63,0.87,0.87
2026-03-02 03:10:00,0.9305,0.405,0.64,0.87,0.87
2026-03-02 03:11:00,0.9305,0.405,0.64,0.87,0.87
2026-03-02 03:20:00,0.9305,0.405,0.64,0.875,0.87
2026-03-02 03:31:00,0.926,0.405,0.625,0.86,0.87
2026-03-02 03:40:00,0.9255,0.405,0.625,0.86,0.855
2026-03-02 03:50:00,0.9255,0.405,0.625,0.86,0.855
2026-03-02 03:51:00,0.9295,0.405,0.625,0.86,0.86
2026-03-02 04:00:00,0.9295,0.405,0.555,0.86,0.86
2026-03-02 04:01:00,0.9295,0.405,0.555,0.86,0.86
2026-03-02 04:10:00,0.9305,0.405,0.545,0.86,0.86
2026-03-02 04:11:00,0.9305,0.405,0.545,0.86,0.75
2026-03-02 04:20:00,0.9305,0.405,0.455,0.855,0.745
2026-03-02 04:30:00,0.9305,0.405,0.465,0.855,0.745
2026-03-02 04:31:00,0.9305,0.405,0.465,0.855,0.745
2026-03-02 04:40:00,0.93,0.41,0.465,0.855,0.745
2026-03-02 04:41:00,0.93,0.41,0.465,0.855,0.745
2026-03-02 04:50:00,0.931,0.41,0.455,0.855,0.745
2026-03-02 04:51:00,0.931,0.41,0.455,0.855,0.745
2026-03-02 05:01:00,0.93,0.41,0.435,0.855,0.71
2026-03-02 05:10:00,0.9305,0.41,0.435,0.87,0.745
2026-03-02 05:20:00,0.93,0.4,0.44,0.87,0.745
2026-03-02 05:21:00,0.93,0.4,0.44,0.87,0.75
2026-03-02 05:30:00,0.93,0.4,0.44,0.87,0.75
2026-03-02 05:31:00,0.93,0.345,0.44,0.865,0.75
2026-03-02 05:40:00,0.9295,0.34,0.44,0.865,0.75
2026-03-02 05:41:00,0.9295,0.34,0.44,0.865,0.75
2026-03-02 05:50:00,0.9295,0.29,0.44,0.865,0.75
2026-03-02 05:51:00,0.9295,0.29,0.44,0.865,0.75
2026-03-02 06:00:00,0.9295,0.29,0.44,0.865,0.75
2026-03-02 06:01:00,0.9295,0.29,0.44,0.865,0.75
2026-03-02 06:10:00,0.934,0.3,0.44,0.865,0.75
2026-03-02 06:11:00,0.934,0.3,0.44,0.865,0.75
2026-03-02 06:20:00,0.934,0.295,0.44,0.865,0.75
2026-03-02 06:21:00,0.934,0.295,0.44,0.86,0.75
2026-03-02 06:30:00,0.934,0.33,0.44,0.86,0.75
2026-03-02 06:31:00,0.934,0.33,0.44,0.86,0.75
2026-03-02 06:41:00,0.9345,0.315,0.445,0.86,0.75
2026-03-02 06:50:00,0.9345,0.34,0.445,0.86,0.75
2026-03-02 06:51:00,0.9335,0.34,0.44,0.86,0.75
2026-03-02 07:00:00,0.9255,0.355,0.445,0.86,0.75
2026-03-02 07:01:00,0.9255,0.355,0.445,0.86,0.75
2026-03-02 07:10:00,0.931,0.415,0.445,0.86,0.75
2026-03-02 07:11:00,0.931,0.415,0.445,0.86,0.74
2026-03-02 07:20:00,0.932,0.5,0.435,0.86,0.74
2026-03-02 07:21:00,0.932,0.5,0.435,0.86,0.74
2026-03-02 07:30:00,0.9335,0.44,0.46,0.86,0.74
2026-03-02 07:31:00,0.9335,0.44,0.46,0.86,0.74
2026-03-02 07:40:00,0.9335,0.43,0.46,0.86,0.74
2026-03-02 07:41:00,0.923,0.43,0.45,0.86,0.74
2026-03-02 07:50:00,0.9185,0.43,0.45,0.86,0.74
2026-03-02 07:51:00,0.9185,0.43,0.45,0.86,0.74
2026-03-02 08:01:00,0.93,0.43,0.45,0.86,0.74
2026-03-02 08:10:00,0.933,0.43,0.46,0.86,0.74
2026-03-02 08:11:00,0.933,0.43,0.46,0.86,0.725
2026-03-02 08:20:00,0.93,0.43,0.465,0.875,0.725
2026-03-02 08:21:00,0.93,0.43,0.465,0.875,0.735
2026-03-02 08:30:00,0.93,0.44,0.465,0.875,0.735
2026-03-02 08:31:00,0.93,0.44,0.465,0.875,0.745
2026-03-02 08:40:00,0.93,0.44,0.425,0.865,0.745
2026-03-02 08:50:00,0.929,0.55,0.435,0.86,0.745
2026-03-02 08:51:00,0.929,0.55,0.435,0.86,0.745
2026-03-02 09:00:00,0.9305,0.535,0.43,0.865,0.745
2026-03-02 09:01:00,0.9305,0.535,0.43,0.865,0.745
2026-03-02 09:10:00,0.93,0.545,0.43,0.865,0.74
2026-03-02 09:20:00,0.929,0.535,0.44,0.875,0.745
2026-03-02 09:30:00,0.929,0.53,0.43,0.875,0.745
2026-03-02 09:31:00,0.929,0.53,0.43,0.87,0.74
2026-03-02 09:40:00,0.9295,0.52,0.43,0.875,0.74
2026-03-02 09:41:00,0.9295,0.52,0.43,0.875,0.74
2026-03-02 09:50:00,0.922,0.52,0.425,0.875,0.745
2026-03-02 10:00:00,0.923,0.54,0.43,0.87,0.745
2026-03-02 10:01:00,0.923,0.54,0.43,0.87,0.74
2026-03-02 10:10:00,0.9145,0.54,0.445,0.87,0.735
2026-03-02 10:20:00,0.915,0.535,0.43,0.87,0.735
2026-03-02 10:21:00,0.915,0.535,0.43,0.87,0.74
2026-03-02 10:30:00,0.9315,0.56,0.43,0.87,0.74
2026-03-02 10:31:00,0.9315,0.56,0.43,0.865,0.74
2026-03-02 10:40:00,0.9315,0.555,0.43,0.865,0.74
2026-03-02 10:50:00,0.857,0.575,0.43,0.865,0.74
2026-03-02 11:00:00,0.857,0.56,0.43,0.865,0.74
2026-03-02 11:01:00,0.8195,0.56,0.425,0.83,0.74
2026-03-02 11:10:00,0.8245,0.57,0.435,0.78,0.74
2026-03-02 11:20:00,0.8245,0.58,0.435,0.78,0.74
2026-03-02 11:21:00,0.8425,0.58,0.44,0.705,0.74
2026-03-02 11:30:00,0.852,0.575,0.355,0.705,0.74
2026-03-02 11:31:00,0.852,0.575,0.355,0.705,0.735
2026-03-02 11:40:00,0.874,0.575,0.27,0.635,0.735
2026-03-02 11:50:00,0.8765,0.575,0.305,0.635,0.735
2026-03-02 12:00:00,0.8745,0.575,0.36,0.635,0.735
2026-03-02 12:01:00,0.8745,0.575,0.36,0.635,0.735
2026-03-02 12:10:00,0.873,0.57,0.36,0.635,0.735
2026-03-02 12:20:00,0.884,0.53,0.365,0.635,0.735
2026-03-02 12:30:00,0.8785,0.53,0.35,0.635,0.735
2026-03-02 12:31:00,0.8785,0.53,0.35,0.635,0.735
2026-03-02 12:40:00,0.8825,0.53,0.375,0.635,0.735
2026-03-02 12:45:00,0.8685,0.53,0.375,0.635,0.87
2026-03-02 12:46:00,0.8685,0.53,0.375,0.635,0.87
2026-03-02 12:47:00,0.8685,0.53,0.375,0.635,0.87
2026-03-02 12:48:00,0.8685,0.53,0.375,0.635,0.87
2026-03-02 12:49:00,0.8685,0.53,0.375,0.635,0.87
2026-03-02 12:50:00,0.8685,0.53,0.375,0.635,0.735
2026-03-02 12:51:00,0.8685,0.53,0.375,0.635,0.87
2026-03-02 12:52:00,0.8685,0.51,0.37,0.635,0.87
2026-03-02 12:53:00,0.8695,0.505,0.375,0.635,0.87
2026-03-02 12:54:00,0.8695,0.505,0.375,0.635,0.87
2026-03-02 12:55:00,0.8695,0.505,0.375,0.635,0.87
2026-03-02 12:56:00,0.869,0.495,0.375,0.645,0.875
2026-03-02 12:57:00,0.8685,0.495,0.375,0.645,0.875
2026-03-02 12:58:00,0.8685,0.49,0.375,0.645,0.875
2026-03-02 12:59:00,0.865,0.49,0.375,0.645,0.875
2026-03-02 13:00:00,0.861,0.49,0.375,0.645,0.87
2026-03-02 13:01:00,0.861,0.49,0.375,0.645,0.875
2026-03-02 13:02:00,0.869,0.485,0.375,0.645,0.875
2026-03-02 13:03:00,0.869,0.485,0.375,0.665,0.875
2026-03-02 13:05:00,0.869,0.49,0.375,0.665,0.875
2026-03-02 13:06:00,0.869,0.495,0.375,0.665,0.875
2026-03-02 13:07:00,0.869,0.485,0.375,0.665,0.875
2026-03-02 13:08:00,0.869,0.485,0.375,0.68,0.875
2026-03-02 13:09:00,0.8655,0.485,0.375,0.685,0.875
2026-03-02 13:10:00,0.8615,0.425,0.375,0.675,0.875
2026-03-02 13:11:00,0.86,0.39,0.375,0.675,0.875
2026-03-02 13:12:00,0.86,0.345,0.375,0.675,0.875
2026-03-02 13:13:00,0.86,0.345,0.39,0.685,0.875
2026-03-02 13:14:00,0.86,0.35,0.385,0.68,0.875
2026-03-02 13:15:00,0.86,0.35,0.385,0.69,0.87
2026-03-02 13:16:00,0.86,0.35,0.385,0.7,0.87
2026-03-02 13:17:00,0.86,0.355,0.385,0.7,0.87
2026-03-02 13:18:00,0.87,0.355,0.385,0.7,0.87
2026-03-02 13:19:00,0.8595,0.34,0.385,0.72,0.87
2026-03-02 13:20:00,0.86,0.325,0.385,0.715,0.87
2026-03-02 13:21:00,0.86,0.33,0.385,0.715,0.87
2026-03-02 13:22:00,0.86,0.325,0.385,0.72,0.87
2026-03-02 13:23:00,0.8595,0.325,0.385,0.72,0.87
2026-03-02 13:24:00,0.8595,0.315,0.385,0.72,0.87
2026-03-02 13:25:00,0.8595,0.3,0.385,0.72,0.87
2026-03-02 13:26:00,0.8595,0.31,0.385,0.725,0.87
2026-03-02 13:27:00,0.8595,0.335,0.385,0.725,0.865
2026-03-02 13:28:00,0.8595,0.33,0.385,0.725,0.865
2026-03-02 13:29:00,0.8595,0.35,0.385,0.725,0.865
2026-03-02 13:30:00,0.86,0.34,0.385,0.715,0.87
2026-03-02 13:31:00,0.8595,0.34,0.385,0.725,0.87
2026-03-02 13:32:00,0.86,0.335,0.39,0.725,0.865
2026-03-02 13:33:00,0.86,0.325,0.39,0.725,0.865
2026-03-02 13:34:00,0.86,0.315,0.39,0.725,0.865
2026-03-02 13:35:00,0.86,0.315,0.39,0.725,0.865
2026-03-02 13:36:00,0.8685,0.32,0.39,0.725,0.865
2026-03-02 13:38:00,0.8665,0.32,0.39,0.725,0.865
2026-03-02 13:39:00,0.867,0.325,0.39,0.725,0.865
2026-03-02 13:40:00,0.867,0.325,0.39,0.725,0.865
2026-03-02 13:41:00,0.867,0.33,0.39,0.725,0.865
2026-03-02 13:42:00,0.8695,0.335,0.39,0.725,0.865
2026-03-02 13:43:00,0.8695,0.34,0.385,0.725,0.865
2026-03-02 13:44:00,0.8695,0.35,0.385,0.725,0.865
2026-03-02 13:45:00,0.8695,0.425,0.385,0.725,0.865
2026-03-02 13:46:00,0.8695,0.425,0.385,0.725,0.865
2026-03-02 13:47:00,0.8695,0.415,0.385,0.725,0.865
2026-03-02 13:48:00,0.8695,0.42,0.385,0.725,0.865
2026-03-02 13:49:00,0.87,0.355,0.385,0.8,0.865
2026-03-02 13:50:00,0.8705,0.36,0.385,0.815,0.865
2026-03-02 13:51:00,0.8705,0.35,0.385,0.81,0.865
2026-03-02 13:52:00,0.8705,0.395,0.385,0.81,0.865
2026-03-02 13:53:00,0.8705,0.385,0.385,0.805,0.865
2026-03-02 13:54:00,0.8705,0.38,0.385,0.84,0.865
2026-03-02 13:55:00,0.8705,0.415,0.385,0.805,0.865
2026-03-02 13:56:00,0.8705,0.43,0.385,0.81,0.865
2026-03-02 13:57:00,0.8705,0.39,0.385,0.8,0.865
2026-03-02 13:58:00,0.8705,0.41,0.385,0.815,0.865
2026-03-02 13:59:00,0.8705,0.41,0.385,0.825,0.865
2026-03-02 14:00:00,0.8705,0.41,0.385,0.815,0.865
2026-03-02 14:01:00,0.8705,0.41,0.385,0.83,0.865
2026-03-02 14:02:00,0.874,0.415,0.385,0.83,0.865
2026-03-02 14:03:00,0.874,0.415,0.385,0.835,0.865
2026-03-02 14:04:00,0.874,0.415,0.385,0.835,0.865
2026-03-02 14:05:00,0.874,0.41,0.385,0.835,0.865
2026-03-02 14:06:00,0.874,0.41,0.385,0.825,0.865
2026-03-02 14:07:00,0.874,0.41,0.385,0.825,0.865
2026-03-02 14:08:00,0.874,0.41,0.385,0.825,0.865
2026-03-02 14:09:00,0.874,0.41,0.385,0.82,0.865
2026-03-02 14:10:00,0.874,0.41,0.385,0.83,0.865
2026-03-02 14:11:00,0.874,0.41,0.385,0.835,0.865
2026-03-02 14:12:00,0.874,0.405,0.385,0.82,0.865
2026-03-02 14:13:00,0.874,0.41,0.385,0.845,0.865
2026-03-02 14:14:00,0.874,0.41,0.385,0.83,0.87
2026-03-02 14:15:00,0.874,0.41,0.385,0.825,0.87
2026-03-02 14:16:00,0.874,0.41,0.385,0.825,0.69
2026-03-02 14:17:00,0.874,0.41,0.385,0.825,0.69
2026-03-02 14:18:00,0.8745,0.41,0.385,0.825,0.69
2026-03-02 14:19:00,0.8745,0.41,0.385,0.825,0.69
2026-03-02 14:20:00,0.8745,0.41,0.385,0.825,0.745
2026-03-02 14:21:00,0.8745,0.41,0.385,0.825,0.745
2026-03-02 14:22:00,0.8745,0.41,0.385,0.815,0.745
2026-03-02 14:23:00,0.8745,0.41,0.385,0.825,0.745
2026-03-02 14:24:00,0.8745,0.41,0.385,0.83,0.745
2026-03-02 14:25:00,0.8745,0.41,0.385,0.83,0.745
2026-03-02 14:26:00,0.8755,0.41,0.385,0.83,0.745
2026-03-02 14:27:00,0.8755,0.41,0.385,0.835,0.745
2026-03-02 14:28:00,0.8755,0.41,0.385,0.83,0.745
2026-03-02 14:29:00,0.8755,0.41,0.385,0.83,0.815
2026-03-02 14:30:00,0.8755,0.41,0.385,0.83,0.745
2026-03-02 14:31:00,0.8755,0.41,0.385,0.83,0.755
2026-03-02 14:32:00,0.8755,0.41,0.385,0.845,0.755
2026-03-02 14:34:00,0.8755,0.41,0.385,0.84,0.755
2026-03-02 14:35:00,0.8755,0.41,0.385,0.84,0.755
2026-03-02 14:36:00,0.8755,0.41,0.385,0.83,0.755
2026-03-02 14:37:00,0.8755,0.41,0.385,0.84,0.755
2026-03-02 14:38:00,0.876,0.405,0.385,0.84,0.755
2026-03-02 14:39:00,0.8755,0.41,0.385,0.85,0.755
2026-03-02 14:40:00,0.8755,0.41,0.385,0.85,0.755
2026-03-02 14:41:00,0.8755,0.405,0.385,0.84,0.755
2026-03-02 14:42:00,0.8755,0.41,0.385,0.845,0.755
2026-03-02 14:44:00,0.8755,0.41,0.385,0.845,0.755
2026-03-02 14:45:00,0.8755,0.41,0.385,0.85,0.755
2026-03-02 14:46:00,0.8755,0.41,0.385,0.82,0.755
2026-03-02 14:47:00,0.8755,0.41,0.385,0.83,0.755
2026-03-02 14:48:00,0.8755,0.41,0.385,0.83,0.755
2026-03-02 14:49:00,0.876,0.41,0.385,0.845,0.755
2026-03-02 14:51:00,0.876,0.41,0.385,0.84,0.755
2026-03-02 14:52:00,0.8795,0.41,0.385,0.845,0.755
2026-03-02 14:53:00,0.8795,0.41,0.385,0.845,0.755
2026-03-02 14:54:00,0.8795,0.425,0.385,0.845,0.755
2026-03-02 14:55:00,0.8795,0.425,0.385,0.845,0.755
2026-03-02 14:56:00,0.8795,0.425,0.385,0.845,0.755
2026-03-02 14:57:00,0.8795,0.425,0.385,0.845,0.755
2026-03-02 14:58:00,0.8795,0.425,0.385,0.845,0.755
2026-03-02 14:59:00,0.8795,0.43,0.385,0.845,0.755
2026-03-02 15:00:00,0.8795,0.43,0.385,0.845,0.755
2026-03-02 15:01:00,0.8795,0.43,0.385,0.845,0.755
2026-03-02 15:02:00,0.8795,0.425,0.385,0.845,0.755
2026-03-02 15:03:00,0.8795,0.425,0.385,0.845,0.755
2026-03-02 15:04:00,0.8795,0.425,0.385,0.85,0.755
2026-03-02 15:05:00,0.8795,0.43,0.385,0.845,0.755
2026-03-02 15:06:00,0.8795,0.43,0.385,0.835,0.755
2026-03-02 15:07:00,0.8795,0.43,0.385,0.84,0.755
2026-03-02 15:08:00,0.8795,0.43,0.385,0.845,0.755
2026-03-02 15:09:00,0.8795,0.43,0.38,0.845,0.755
2026-03-02 15:10:00,0.8795,0.43,0.38,0.845,0.755
2026-03-02 15:11:00,0.8795,0.43,0.38,0.845,0.755
2026-03-02 15:12:00,0.8795,0.43,0.38,0.845,0.755
2026-03-02 15:13:00,0.9165,0.43,0.38,0.845,0.755
2026-03-02 15:14:00,0.9235,0.43,0.38,0.835,0.755
2026-03-02 15:15:00,0.9235,0.43,0.385,0.845,0.755
2026-03-02 15:16:00,0.9235,0.43,0.385,0.845,0.755
2026-03-02 15:17:00,0.9225,0.43,0.385,0.835,0.755
2026-03-02 15:18:00,0.9235,0.43,0.385,0.835,0.755
2026-03-02 15:19:00,0.925,0.43,0.385,0.845,0.755
2026-03-02 15:20:00,0.925,0.43,0.38,0.845,0.755
2026-03-02 15:21:00,0.925,0.43,0.38,0.845,0.755
2026-03-02 15:22:00,0.925,0.43,0.38,0.845,0.755
2026-03-02 15:23:00,0.925,0.43,0.38,0.845,0.755
2026-03-02 15:24:00,0.925,0.43,0.38,0.845,0.755
2026-03-02 15:25:00,0.925,0.43,0.38,0.845,0.755
2026-03-02 15:26:00,0.925,0.43,0.38,0.845,0.755
2026-03-02 15:27:00,0.925,0.43,0.38,0.845,0.755
2026-03-02 15:28:00,0.925,0.43,0.38,0.845,0.755
2026-03-02 15:29:00,0.925,0.43,0.38,0.84,0.755
2026-03-02 15:30:00,0.925,0.43,0.38,0.845,0.755
2026-03-02 15:31:00,0.925,0.43,0.38,0.835,0.755
2026-03-02 15:32:00,0.9245,0.45,0.41,0.83,0.755
2026-03-02 15:33:00,0.9245,0.46,0.415,0.825,0.755
2026-03-02 15:34:00,0.9265,0.46,0.415,0.83,0.755
2026-03-02 15:35:00,0.9265,0.48,0.415,0.825,0.755
2026-03-02 15:36:00,0.9265,0.48,0.415,0.825,0.755
2026-03-02 15:37:00,0.9265,0.48,0.415,0.815,0.755
2026-03-02 15:38:00,0.9265,0.48,0.415,0.815,0.755
2026-03-02 15:39:00,0.927,0.48,0.425,0.815,0.755
2026-03-02 15:40:00,0.927,0.445,0.425,0.815,0.755
2026-03-02 15:41:00,0.927,0.445,0.425,0.815,0.755
2026-03-02 15:42:00,0.927,0.435,0.425,0.815,0.755
2026-03-02 15:43:00,0.927,0.435,0.425,0.815,0.755
2026-03-02 15:44:00,0.927,0.435,0.425,0.815,0.755
2026-03-02 15:45:00,0.927,0.44,0.425,0.815,0.755
2026-03-02 15:46:00,0.927,0.445,0.425,0.815,0.755
2026-03-02 15:47:00,0.925,0.445,0.425,0.81,0.755
2026-03-02 15:48:00,0.9245,0.445,0.425,0.82,0.755
2026-03-02 15:49:00,0.9285,0.445,0.425,0.82,0.755
2026-03-02 15:50:00,0.9285,0.44,0.425,0.82,0.755
2026-03-02 15:51:00,0.927,0.52,0.425,0.82,0.755
2026-03-02 15:52:00,0.927,0.515,0.425,0.82,0.755
2026-03-02 15:53:00,0.927,0.53,0.425,0.82,0.755
2026-03-02 15:54:00,0.929,0.53,0.425,0.82,0.755
2026-03-02 15:55:00,0.9315,0.53,0.425,0.82,0.755
2026-03-02 15:56:00,0.932,0.53,0.425,0.82,0.755
2026-03-02 15:57:00,0.933,0.545,0.425,0.82,0.755
2026-03-02 15:58:00,0.933,0.555,0.425,0.82,0.755
2026-03-02 15:59:00,0.9325,0.555,0.425,0.82,0.755
2026-03-02 16:00:00,0.9285,0.56,0.425,0.83,0.755
2026-03-02 16:01:00,0.9285,0.56,0.425,0.83,0.755
2026-03-02 16:02:00,0.9325,0.64,0.425,0.83,0.755
2026-03-02 16:03:00,0.9325,0.645,0.425,0.83,0.755
2026-03-02 16:04:00,0.9325,0.65,0.425,0.835,0.69
2026-03-02 16:05:00,0.934,0.65,0.425,0.84,0.735
2026-03-02 16:06:00,0.9335,0.65,0.425,0.84,0.69
2026-03-02 16:07:00,0.9335,0.695,0.425,0.84,0.74
2026-03-02 16:08:00,0.9335,0.645,0.425,0.84,0.81
2026-03-02 16:09:00,0.9335,0.64,0.425,0.84,0.81
2026-03-02 16:10:00,0.9335,0.64,0.425,0.84,0.81
2026-03-02 16:11:00,0.9335,0.645,0.425,0.84,0.81
2026-03-02 16:12:00,0.9335,0.645,0.425,0.825,0.81
2026-03-02 16:13:00,0.9335,0.645,0.425,0.83,0.81
2026-03-02 16:14:00,0.9335,0.645,0.425,0.83,0.805
2026-03-02 16:15:00,0.9335,0.645,0.425,0.83,0.805
2026-03-02 16:16:00,0.934,0.64,0.425,0.835,0.805
2026-03-02 16:17:00,0.934,0.655,0.425,0.83,0.72
2026-03-02 16:18:00,0.934,0.665,0.425,0.83,0.725
2026-03-02 16:19:00,0.934,0.67,0.425,0.83,0.725
2026-03-02 16:20:00,0.926,0.675,0.425,0.835,0.81
2026-03-02 16:21:00,0.926,0.675,0.425,0.835,0.675
2026-03-02 16:22:00,0.9305,0.745,0.425,0.835,0.66
2026-03-02 16:23:00,0.93,0.75,0.425,0.835,0.66
2026-03-02 16:24:00,0.927,0.755,0.425,0.83,0.66
2026-03-02 16:25:00,0.9235,0.76,0.425,0.83,0.745
2026-03-02 16:26:00,0.93,0.76,0.425,0.835,0.765
2026-03-02 16:27:00,0.93,0.76,0.425,0.83,0.805
2026-03-02 16:28:00,0.926,0.76,0.425,0.835,0.785
2026-03-02 16:29:00,0.9295,0.77,0.425,0.83,0.765
2026-03-02 16:30:00,0.9255,0.77,0.455,0.84,0.675
2026-03-02 16:31:00,0.9255,0.77,0.455,0.84,0.765
2026-03-02 16:32:00,0.93,0.805,0.45,0.84,0.77
2026-03-02 16:33:00,0.93,0.805,0.455,0.84,0.77
2026-03-02 16:35:00,0.93,0.805,0.455,0.845,0.825
2026-03-02 16:36:00,0.93,0.84,0.46,0.84,0.825
2026-03-02 16:37:00,0.93,0.845,0.45,0.83,0.825
2026-03-02 16:38:00,0.9305,0.84,0.45,0.845,0.825
2026-03-02 16:39:00,0.929,0.84,0.45,0.84,0.825
2026-03-02 16:41:00,0.9285,0.835,0.455,0.865,0.825
2026-03-02 16:42:00,0.9285,0.8,0.45,0.86,0.825
2026-03-02 16:43:00,0.9265,0.765,0.45,0.845,0.825
2026-03-02 16:44:00,0.921,0.765,0.45,0.845,0.825
2026-03-02 16:45:00,0.921,0.785,0.45,0.845,0.825
2026-03-02 16:46:00,0.92,0.79,0.46,0.84,0.77
2026-03-02 16:47:00,0.92,0.825,0.46,0.87,0.77
2026-03-02 16:48:00,0.9305,0.83,0.45,0.875,0.69
2026-03-02 16:49:00,0.9305,0.82,0.45,0.875,0.685
2026-03-02 16:50:00,0.9305,0.79,0.455,0.875,0.685
2026-03-02 16:51:00,0.9305,0.695,0.46,0.875,0.685
2026-03-02 16:52:00,0.9305,0.71,0.46,0.875,0.695
2026-03-02 16:53:00,0.9305,0.71,0.46,0.875,0.695
2026-03-02 16:54:00,0.9305,0.71,0.46,0.875,0.715
2026-03-02 16:55:00,0.9295,0.7,0.46,0.875,0.705
2026-03-02 16:56:00,0.9245,0.7,0.46,0.885,0.705
2026-03-02 16:57:00,0.9205,0.705,0.46,0.885,0.705
2026-03-02 16:58:00,0.9195,0.7,0.465,0.88,0.71
2026-03-02 16:59:00,0.9195,0.7,0.455,0.87,0.71
2026-03-02 17:00:00,0.9195,0.695,0.465,0.875,0.685
2026-03-02 17:01:00,0.9195,0.695,0.465,0.87,0.71
2026-03-02 17:02:00,0.9195,0.695,0.46,0.87,0.71
2026-03-02 17:03:00,0.9195,0.695,0.46,0.87,0.71
2026-03-02 17:04:00,0.9195,0.71,0.46,0.87,0.71
2026-03-02 17:05:00,0.9195,0.71,0.46,0.87,0.71
2026-03-02 17:06:00,0.9195,0.71,0.46,0.87,0.71
2026-03-02 17:07:00,0.931,0.71,0.46,0.87,0.71
2026-03-02 17:08:00,0.932,0.68,0.455,0.87,0.75
2026-03-02 17:09:00,0.932,0.67,0.455,0.87,0.76
2026-03-02 17:10:00,0.932,0.67,0.46,0.87,0.8
2026-03-02 17:11:00,0.932,0.67,0.46,0.87,0.8
2026-03-02 17:12:00,0.932,0.66,0.46,0.87,0.8
2026-03-02 17:13:00,0.932,0.655,0.46,0.875,0.845
2026-03-02 17:14:00,0.932,0.655,0.46,0.875,0.845
2026-03-02 17:15:00,0.9315,0.65,0.46,0.875,0.845
2026-03-02 17:16:00,0.9275,0.65,0.46,0.875,0.845
2026-03-02 17:17:00,0.9275,0.645,0.46,0.875,0.845
2026-03-02 17:18:00,0.932,0.645,0.455,0.875,0.85
2026-03-02 17:19:00,0.932,0.645,0.455,0.875,0.93
2026-03-02 17:20:00,0.933,0.645,0.455,0.875,0.95
2026-03-02 17:21:00,0.938,0.645,0.455,0.875,0.95
2026-03-02 17:22:00,0.9745,0.645,0.455,0.905,0.955
2026-03-02 17:23:00,0.9605,0.645,0.455,0.905,0.955
2026-03-02 17:24:00,0.9565,0.645,0.455,0.905,0.955
2026-03-02 17:25:00,0.9565,0.645,0.455,0.905,0.955
2026-03-02 17:26:00,0.9345,0.645,0.455,0.905,0.955
2026-03-02 17:27:00,0.945,0.645,0.455,0.905,0.955
2026-03-02 17:28:00,0.955,0.645,0.455,0.905,0.955
2026-03-02 17:29:00,0.9605,0.645,0.455,0.905,0.955
2026-03-02 17:30:00,0.9595,0.645,0.45,0.905,0.95
2026-03-02 17:31:00,0.9595,0.645,0.45,0.905,0.955
2026-03-02 17:32:00,0.9605,0.63,0.45,0.905,0.955
2026-03-02 17:33:00,0.9625,0.63,0.45,0.905,0.955
2026-03-02 17:34:00,0.968,0.63,0.45,0.905,0.955
2026-03-02 17:35:00,0.977,0.63,0.445,0.905,0.97
2026-03-02 17:36:00,0.9765,0.625,0.45,0.905,0.975
2026-03-02 17:37:00,0.9765,0.625,0.45,0.905,0.975
2026-03-02 17:38:00,0.9765,0.625,0.45,0.905,0.975
2026-03-02 17:39:00,0.9775,0.625,0.45,0.915,0.975
2026-03-02 17:40:00,0.9775,0.625,0.45,0.915,0.955
2026-03-02 17:41:00,0.9775,0.625,0.45,0.915,0.975
2026-03-02 17:42:00,0.9775,0.645,0.45,0.915,0.975
2026-03-02 17:43:00,0.9775,0.645,0.45,0.915,0.975
2026-03-02 17:44:00,0.9775,0.625,0.45,0.915,0.975
2026-03-02 17:45:00,0.9775,0.605,0.445,0.915,0.975
2026-03-02 17:46:00,0.9775,0.61,0.45,0.91,0.975
2026-03-02 17:47:00,0.9775,0.565,0.45,0.91,0.975
2026-03-02 17:48:00,0.9775,0.61,0.45,0.91,0.975
2026-03-02 17:49:00,0.983,0.605,0.45,0.91,0.9945
2026-03-02 17:50:00,0.9835,0.605,0.46,0.95,0.9945
2026-03-02 17:51:00,0.9845,0.6,0.46,0.95,0.9945
2026-03-02 17:52:00,0.984,0.62,0.46,0.95,0.994
2026-03-02 17:53:00,0.9845,0.62,0.46,0.94,0.994
2026-03-02 17:54:00,0.9855,0.62,0.465,0.94,0.994
2026-03-02 17:55:00,0.9855,0.62,0.465,0.925,0.9925
2026-03-02 17:56:00,0.986,0.62,0.455,0.93,0.9925
2026-03-02 17:57:00,0.986,0.625,0.465,0.94,0.994
2026-03-02 17:58:00,0.994,0.635,0.465,0.945,0.994
2026-03-02 17:59:00,0.994,0.635,0.47,0.945,0.994
2026-03-02 18:00:00,0.994,0.635,0.46,0.945,0.9945
2026-03-02 18:01:00,0.994,0.635,0.46,0.945,0.994
2026-03-02 18:02:00,0.9945,0.635,0.46,0.945,0.9945
2026-03-02 18:03:00,0.9945,0.635,0.46,0.945,0.9945
2026-03-02 18:04:00,0.995,0.635,0.46,0.945,0.9945
2026-03-02 18:05:00,0.9955,0.625,0.465,0.945,0.9945
2026-03-02 18:06:00,0.9915,0.625,0.455,0.945,0.9945
2026-03-02 18:07:00,0.9925,0.625,0.465,0.945,0.9945
2026-03-02 18:08:00,0.9915,0.625,0.465,0.945,0.994
2026-03-02 18:09:00,0.9915,0.625,0.465,0.945,0.994
2026-03-02 18:10:00,0.986,0.625,0.465,0.945,0.994
2026-03-02 18:11:00,0.985,0.625,0.465,0.945,0.994
2026-03-02 18:12:00,0.985,0.625,0.46,0.945,0.9945
2026-03-02 18:13:00,0.9855,0.625,0.46,0.945,0.9945
2026-03-02 18:14:00,0.986,0.625,0.46,0.945,0.9945
2026-03-02 18:15:00,0.986,0.625,0.46,0.94,0.9945
2026-03-02 18:16:00,0.989,0.625,0.46,0.945,0.9945
2026-03-02 18:17:00,0.989,0.625,0.575,0.94,0.9945
2026-03-02 18:18:00,0.989,0.625,0.59,0.94,0.9945
2026-03-02 18:19:00,0.989,0.625,0.6,0.94,0.9945
2026-03-02 18:20:00,0.989,0.625,0.585,0.935,0.9945
2026-03-02 18:21:00,0.989,0.625,0.565,0.94,0.9945
2026-03-02 18:22:00,0.989,0.625,0.57,0.94,0.994
2026-03-02 18:23:00,0.9875,0.62,0.57,0.945,0.993
2026-03-02 18:24:00,0.9885,0.62,0.57,0.945,0.993
2026-03-02 18:25:00,0.9885,0.62,0.57,0.945,0.993
2026-03-02 18:26:00,0.9885,0.62,0.57,0.945,0.993
2026-03-02 18:27:00,0.9885,0.62,0.56,0.945,0.993
2026-03-02 18:28:00,0.9885,0.62,0.56,0.94,0.993
2026-03-02 18:29:00,0.9885,0.62,0.56,0.94,0.993
2026-03-02 18:30:00,0.9885,0.62,0.545,0.935,0.9945
2026-03-02 18:31:00,0.9885,0.62,0.545,0.945,0.993
2026-03-02 18:32:00,0.9885,0.62,0.55,0.945,0.993
2026-03-02 18:33:00,0.9885,0.62,0.545,0.945,0.993
2026-03-02 18:34:00,0.9885,0.62,0.545,0.945,0.993
2026-03-02 18:35:00,0.9885,0.62,0.545,0.945,0.993
2026-03-02 18:36:00,0.9885,0.625,0.545,0.94,0.993
2026-03-02 18:37:00,0.9885,0.625,0.55,0.94,0.993
2026-03-02 18:38:00,0.9885,0.625,0.535,0.94,0.993
2026-03-02 18:39:00,0.9885,0.625,0.535,0.94,0.993
2026-03-02 18:40:00,0.9885,0.625,0.535,0.945,0.993
2026-03-02 18:41:00,0.9885,0.625,0.535,0.945,0.993
2026-03-02 18:42:00,0.9885,0.625,0.535,0.945,0.993
2026-03-02 18:43:00,0.9885,0.625,0.535,0.945,0.9885
2026-03-02 18:44:00,0.9885,0.625,0.55,0.945,0.985
2026-03-02 18:45:00,0.9885,0.625,0.545,0.945,0.985
2026-03-02 18:46:00,0.9885,0.625,0.545,0.945,0.985
2026-03-02 18:47:00,0.9885,0.625,0.545,0.945,0.988
2026-03-02 18:48:00,0.9885,0.645,0.545,0.945,0.9875
2026-03-02 18:49:00,0.9885,0.645,0.55,0.95,0.9875
2026-03-02 18:50:00,0.9885,0.645,0.55,0.95,0.988
2026-03-02 18:51:00,0.9885,0.655,0.55,0.95,0.988
2026-03-02 18:52:00,0.9885,0.695,0.55,0.95,0.988
2026-03-02 18:53:00,0.9885,0.69,0.55,0.95,0.988
2026-03-02 18:54:00,0.9885,0.695,0.55,0.95,0.988
2026-03-02 18:56:00,0.9885,0.695,0.55,0.95,0.9875
2026-03-02 18:57:00,0.9885,0.715,0.61,0.95,0.988
2026-03-02 18:58:00,0.9885,0.715,0.605,0.95,0.988
2026-03-02 18:59:00,0.9885,0.715,0.625,0.95,0.988
2026-03-02 19:00:00,0.971,0.715,0.605,0.95,0.988
2026-03-02 19:01:00,0.971,0.715,0.605,0.95,0.988
2026-03-02 19:02:00,0.975,0.715,0.6,0.95,0.9885
2026-03-02 19:03:00,0.978,0.72,0.61,0.95,0.985
2026-03-02 19:04:00,0.98,0.72,0.61,0.95,0.985
2026-03-02 19:05:00,0.9815,0.72,0.61,0.95,0.988
2026-03-02 19:06:00,0.981,0.72,0.61,0.95,0.988
2026-03-02 19:07:00,0.967,0.72,0.63,0.95,0.988
2026-03-02 19:08:00,0.968,0.72,0.605,0.95,0.988
2026-03-02 19:09:00,0.9785,0.72,0.605,0.95,0.988
2026-03-02 19:10:00,0.979,0.72,0.605,0.95,0.988
2026-03-02 19:11:00,0.9795,0.725,0.605,0.95,0.988
2026-03-02 19:12:00,0.977,0.725,0.605,0.95,0.988
2026-03-02 19:13:00,0.968,0.725,0.605,0.95,0.988
2026-03-02 19:15:00,0.963,0.725,0.605,0.95,0.988
2026-03-02 19:16:00,0.979,0.725,0.615,0.955,0.988
2026-03-02 19:17:00,0.963,0.725,0.615,0.955,0.988
2026-03-02 19:18:00,0.962,0.725,0.615,0.955,0.988
2026-03-02 19:19:00,0.961,0.725,0.615,0.955,0.988
2026-03-02 19:20:00,0.961,0.725,0.615,0.955,0.988
2026-03-02 19:21:00,0.961,0.72,0.615,0.955,0.988
2026-03-02 19:22:00,0.973,0.72,0.675,0.955,0.988
2026-03-02 19:23:00,0.968,0.72,0.615,0.955,0.988
2026-03-02 19:24:00,0.974,0.72,0.615,0.955,0.988
2026-03-02 19:25:00,0.973,0.72,0.665,0.955,0.988
2026-03-02 19:26:00,0.97,0.72,0.665,0.955,0.988
2026-03-02 19:27:00,0.972,0.72,0.665,0.955,0.988
2026-03-02 19:28:00,0.9735,0.725,0.615,0.955,0.98
2026-03-02 19:29:00,0.9625,0.725,0.615,0.955,0.98
2026-03-02 19:30:00,0.9625,0.725,0.615,0.955,0.988
2026-03-02 19:31:00,0.9625,0.725,0.615,0.955,0.9825
2026-03-02 19:32:00,0.961,0.725,0.62,0.955,0.975
2026-03-02 19:33:00,0.961,0.715,0.615,0.955,0.975
2026-03-02 19:34:00,0.961,0.715,0.615,0.955,0.975
2026-03-02 19:35:00,0.9795,0.715,0.62,0.955,0.975
2026-03-02 19:36:00,0.975,0.715,0.57,0.955,0.975
2026-03-02 19:37:00,0.975,0.715,0.575,0.955,0.9825
2026-03-02 19:38:00,0.9755,0.715,0.575,0.95,0.9645
2026-03-02 19:39:00,0.9625,0.715,0.585,0.955,0.9605
2026-03-02 19:40:00,0.9705,0.715,0.57,0.955,0.9605
2026-03-02 19:41:00,0.97,0.715,0.57,0.955,0.9545
2026-03-02 19:42:00,0.9685,0.715,0.565,0.955,0.9355
2026-03-02 19:43:00,0.969,0.715,0.57,0.955,0.9785
2026-03-02 19:44:00,0.968,0.715,0.565,0.955,0.9355
2026-03-02 19:45:00,0.969,0.715,0.57,0.955,0.935
2026-03-02 19:46:00,0.972,0.715,0.57,0.955,0.938
2026-03-02 19:48:00,0.9705,0.715,0.57,0.955,0.9305
2026-03-02 19:49:00,0.965,0.715,0.6,0.95,0.939
2026-03-02 19:51:00,0.965,0.715,0.635,0.955,0.939
2026-03-02 19:52:00,0.965,0.715,0.585,0.955,0.939
2026-03-02 19:53:00,0.965,0.715,0.575,0.95,0.936
2026-03-02 19:54:00,0.965,0.715,0.57,0.955,0.933
2026-03-02 19:55:00,0.965,0.715,0.575,0.955,0.933
2026-03-02 19:56:00,0.965,0.715,0.57,0.955,0.9295
2026-03-02 19:57:00,0.9665,0.715,0.6,0.955,0.9385
2026-03-02 19:58:00,0.9665,0.715,0.645,0.95,0.9385
2026-03-02 19:59:00,0.9675,0.715,0.645,0.955,0.9345
2026-03-02 20:01:00,0.9695,0.715,0.615,0.95,0.9395
2026-03-02 20:02:00,0.9685,0.695,0.6,0.95,0.9775
2026-03-02 20:03:00,0.9665,0.695,0.585,0.95,0.9345
2026-03-02 20:04:00,0.9665,0.7,0.575,0.95,0.931
2026-03-02 20:05:00,0.97,0.7,0.575,0.95,0.939
2026-03-02 20:06:00,0.9665,0.7,0.57,0.95,0.9345
2026-03-02 20:07:00,0.9665,0.7,0.575,0.95,0.9395
2026-03-02 20:08:00,0.9665,0.7,0.575,0.95,0.9395
2026-03-02 20:09:00,0.9665,0.7,0.575,0.95,0.939
2026-03-02 20:10:00,0.965,0.7,0.615,0.95,0.9375
2026-03-02 20:11:00,0.965,0.7,0.615,0.95,0.9355
2026-03-02 20:12:00,0.9655,0.7,0.62,0.95,0.9355
2026-03-02 20:13:00,0.9655,0.695,0.62,0.95,0.9355
2026-03-02 20:14:00,0.9655,0.695,0.625,0.95,0.931
2026-03-02 20:15:00,0.967,0.695,0.63,0.95,0.931
2026-03-02 20:16:00,0.968,0.695,0.63,0.95,0.9265
2026-03-02 20:17:00,0.968,0.695,0.635,0.95,0.9355
2026-03-02 20:18:00,0.968,0.71,0.625,0.95,0.935
2026-03-02 20:19:00,0.9675,0.71,0.625,0.95,0.9355
2026-03-02 20:20:00,0.9675,0.71,0.625,0.95,0.9355
2026-03-02 20:21:00,0.9675,0.71,0.625,0.95,0.936
2026-03-02 20:22:00,0.9665,0.71,0.625,0.95,0.936
2026-03-02 20:23:00,0.966,0.71,0.625,0.95,0.9205
2026-03-02 20:24:00,0.9655,0.71,0.625,0.95,0.926
2026-03-02 20:25:00,0.9655,0.71,0.625,0.95,0.926
2026-03-02 20:26:00,0.9665,0.71,0.625,0.95,0.926
2026-03-02 20:27:00,0.9665,0.71,0.625,0.95,0.9255
2026-03-02 20:29:00,0.9665,0.71,0.625,0.95,0.925
2026-03-02 20:31:00,0.966,0.71,0.61,0.95,0.925
2026-03-02 20:32:00,0.964,0.71,0.605,0.95,0.925
2026-03-02 20:33:00,0.963,0.71,0.605,0.95,0.9255
2026-03-02 20:34:00,0.966,0.71,0.605,0.95,0.9305
2026-03-02 20:35:00,0.9665,0.71,0.605,0.95,0.942
2026-03-02 20:36:00,0.9665,0.71,0.635,0.95,0.942
2026-03-02 20:37:00,0.9665,0.725,0.63,0.95,0.93
2026-03-02 20:38:00,0.966,0.725,0.63,0.95,0.926
2026-03-02 20:39:00,0.966,0.725,0.63,0.95,0.926
2026-03-02 20:40:00,0.966,0.725,0.605,0.95,0.925
2026-03-02 20:41:00,0.966,0.725,0.605,0.95,0.935
2026-03-02 20:42:00,0.9655,0.725,0.605,0.95,0.926
2026-03-02 20:43:00,0.966,0.725,0.605,0.95,0.9305
2026-03-02 20:44:00,0.9695,0.725,0.595,0.95,0.9255
2026-03-02 20:45:00,0.97,0.725,0.595,0.95,0.9355
2026-03-02 20:46:00,0.97,0.725,0.595,0.95,0.9425
2026-03-02 20:47:00,0.97,0.725,0.595,0.95,0.9425
2026-03-02 20:48:00,0.9695,0.725,0.62,0.95,0.9415
2026-03-02 20:49:00,0.97,0.73,0.625,0.95,0.93
2026-03-02 20:50:00,0.967,0.735,0.63,0.95,0.9355
2026-03-02 20:51:00,0.9665,0.72,0.565,0.95,0.92
2026-03-02 20:52:00,0.966,0.73,0.565,0.95,0.921
2026-03-02 20:53:00,0.9655,0.73,0.565,0.95,0.9305
2026-03-02 20:54:00,0.966,0.73,0.565,0.95,0.9255
2026-03-02 20:55:00,0.966,0.73,0.565,0.95,0.9375
2026-03-02 20:56:00,0.966,0.73,0.565,0.95,0.921
2026-03-02 20:57:00,0.967,0.715,0.565,0.95,0.9255
2026-03-02 20:58:00,0.968,0.725,0.565,0.95,0.938
2026-03-02 20:59:00,0.9665,0.725,0.625,0.95,0.9305
2026-03-02 21:00:00,0.9665,0.725,0.625,0.95,0.9355
2026-03-02 21:01:00,0.9665,0.725,0.625,0.95,0.9255
2026-03-02 21:02:00,0.9665,0.725,0.62,0.95,0.964
2026-03-02 21:03:00,0.9665,0.725,0.62,0.95,0.925
2026-03-02 21:04:00,0.9665,0.725,0.62,0.95,0.9205
2026-03-02 21:06:00,0.9665,0.725,0.62,0.95,0.92
2026-03-02 21:07:00,0.9665,0.725,0.62,0.95,0.92
2026-03-02 21:09:00,0.9685,0.725,0.625,0.95,0.916
2026-03-02 21:10:00,0.9665,0.72,0.625,0.95,0.9205
2026-03-02 21:11:00,0.9685,0.72,0.605,0.95,0.9205
2026-03-02 21:12:00,0.9525,0.705,0.615,0.85,0.918
2026-03-02 21:13:00,0.952,0.705,0.615,0.85,0.9205
2026-03-02 21:14:00,0.9515,0.705,0.605,0.85,0.9205
2026-03-02 21:15:00,0.953,0.705,0.605,0.85,0.911
2026-03-02 21:16:00,0.95,0.705,0.605,0.85,0.9105
2026-03-02 21:17:00,0.9485,0.705,0.605,0.83,0.901
2026-03-02 21:18:00,0.95,0.7,0.605,0.825,0.9055
2026-03-02 21:19:00,0.95,0.7,0.63,0.83,0.921
2026-03-02 21:20:00,0.9495,0.695,0.625,0.83,0.92
2026-03-02 21:21:00,0.95,0.695,0.635,0.825,0.921
2026-03-02 21:22:00,0.95,0.7,0.62,0.825,0.9205
2026-03-02 21:23:00,0.95,0.7,0.64,0.825,0.911
2026-03-02 21:24:00,0.95,0.705,0.665,0.825,0.9205
2026-03-02 21:25:00,0.9505,0.74,0.665,0.83,0.9205
2026-03-02 21:26:00,0.9525,0.745,0.675,0.82,0.9205
2026-03-02 21:27:00,0.952,0.73,0.675,0.845,0.9205
2026-03-02 21:28:00,0.955,0.745,0.675,0.845,0.9205
2026-03-02 21:29:00,0.957,0.745,0.665,0.845,0.9155
2026-03-02 21:30:00,0.957,0.755,0.665,0.845,0.92
2026-03-02 21:31:00,0.957,0.755,0.665,0.845,0.919
2026-03-02 21:32:00,0.952,0.755,0.665,0.845,0.9205
2026-03-02 21:33:00,0.9525,0.755,0.65,0.845,0.916
2026-03-02 21:34:00,0.953,0.755,0.64,0.84,0.9205
2026-03-02 21:36:00,0.952,0.75,0.63,0.85,0.917
2026-03-02 21:37:00,0.9525,0.75,0.61,0.82,0.916
2026-03-02 21:38:00,0.956,0.755,0.595,0.845,0.92
2026-03-02 21:39:00,0.959,0.755,0.595,0.83,0.92
2026-03-02 21:40:00,0.96,0.75,0.595,0.825,0.901
2026-03-02 21:41:00,0.9615,0.745,0.595,0.83,0.896
2026-03-02 21:42:00,0.9615,0.745,0.575,0.835,0.91
2026-03-02 21:43:00,0.962,0.745,0.575,0.83,0.91
2026-03-02 21:44:00,0.962,0.745,0.575,0.83,0.896
2026-03-02 21:45:00,0.962,0.745,0.57,0.83,0.896
2026-03-02 21:46:00,0.962,0.735,0.57,0.825,0.896
2026-03-02 21:48:00,0.962,0.73,0.57,0.82,0.91
2026-03-02 21:49:00,0.962,0.73,0.605,0.84,0.909
2026-03-02 21:50:00,0.962,0.725,0.615,0.84,0.896
2026-03-02 21:51:00,0.962,0.725,0.565,0.83,0.9075
2026-03-02 21:52:00,0.962,0.725,0.56,0.84,0.896
2026-03-02 21:53:00,0.9625,0.725,0.56,0.84,0.9055
2026-03-02 21:54:00,0.9625,0.725,0.56,0.84,0.9095
2026-03-02 21:55:00,0.9625,0.73,0.56,0.845,0.91
2026-03-02 21:56:00,0.9625,0.725,0.56,0.825,0.91
2026-03-02 21:57:00,0.9625,0.725,0.56,0.835,0.91
2026-03-02 21:58:00,0.9625,0.725,0.56,0.825,0.909
2026-03-02 21:59:00,0.9625,0.725,0.56,0.825,0.9105
2026-03-02 22:00:00,0.9625,0.725,0.56,0.84,0.896
2026-03-02 22:01:00,0.9625,0.725,0.56,0.825,0.91
2026-03-02 22:02:00,0.9625,0.715,0.56,0.825,0.896
2026-03-02 22:03:00,0.9625,0.705,0.56,0.835,0.9065
2026-03-02 22:04:00,0.9625,0.705,0.56,0.845,0.9095
2026-03-02 22:05:00,0.9625,0.705,0.555,0.845,0.9095
2026-03-02 22:06:00,0.9625,0.705,0.555,0.86,0.896
2026-03-02 22:07:00,0.9625,0.705,0.555,0.845,0.9105
2026-03-02 22:08:00,0.9625,0.705,0.555,0.845,0.908
2026-03-02 22:09:00,0.9625,0.705,0.555,0.845,0.91
2026-03-02 22:10:00,0.9625,0.705,0.555,0.845,0.9075
2026-03-02 22:11:00,0.9625,0.705,0.555,0.845,0.91
2026-03-02 22:12:00,0.9625,0.705,0.555,0.83,0.896
2026-03-02 22:13:00,0.9625,0.705,0.56,0.835,0.91
2026-03-02 22:14:00,0.9625,0.705,0.56,0.825,0.91
2026-03-02 22:15:00,0.9615,0.705,0.56,0.83,0.9105
2026-03-02 22:16:00,0.9525,0.705,0.55,0.835,0.896
2026-03-02 22:17:00,0.955,0.705,0.55,0.83,0.91
2026-03-02 22:18:00,0.9545,0.7,0.595,0.83,0.896
2026-03-02 22:19:00,0.954,0.7,0.595,0.85,0.91
2026-03-02 22:20:00,0.956,0.7,0.575,0.86,0.9075
2026-03-02 22:21:00,0.956,0.7,0.575,0.86,0.91
2026-03-02 22:22:00,0.9565,0.7,0.555,0.835,0.9095
2026-03-02 22:23:00,0.9535,0.7,0.555,0.835,0.9255
2026-03-02 22:24:00,0.958,0.7,0.555,0.835,0.9205
2026-03-02 22:25:00,0.9535,0.7,0.555,0.835,0.9255
2026-03-02 22:26:00,0.9515,0.7,0.55,0.835,0.9355
2026-03-02 22:28:00,0.9525,0.7,0.54,0.835,0.9385
2026-03-02 22:29:00,0.952,0.725,0.54,0.835,0.931
2026-03-02 22:30:00,0.952,0.72,0.54,0.86,0.91
2026-03-02 22:31:00,0.952,0.72,0.54,0.83,0.9155
2026-03-02 22:32:00,0.9545,0.72,0.54,0.83,0.9155
2026-03-02 22:33:00,0.954,0.715,0.54,0.835,0.936
2026-03-02 22:35:00,0.952,0.71,0.54,0.835,0.896
2026-03-02 22:36:00,0.9515,0.695,0.595,0.83,0.896
2026-03-02 22:37:00,0.951,0.695,0.595,0.83,0.9305
2026-03-02 22:38:00,0.951,0.695,0.635,0.83,0.896
2026-03-02 22:39:00,0.951,0.695,0.635,0.825,0.896
2026-03-02 22:40:00,0.952,0.695,0.625,0.835,0.9155
2026-03-02 22:41:00,0.952,0.695,0.625,0.835,0.9295
2026-03-02 22:42:00,0.952,0.695,0.62,0.83,0.896
2026-03-02 22:43:00,0.952,0.695,0.62,0.835,0.938
2026-03-02 22:44:00,0.9515,0.695,0.62,0.83,0.942
2026-03-02 22:45:00,0.9535,0.695,0.6,0.83,0.942
2026-03-02 22:46:00,0.953,0.695,0.61,0.835,0.9415
2026-03-02 22:47:00,0.953,0.695,0.59,0.825,0.915
2026-03-02 22:48:00,0.953,0.7,0.59,0.83,0.9405
2026-03-02 22:49:00,0.9535,0.705,0.605,0.835,0.9345
2026-03-02 22:50:00,0.9545,0.695,0.605,0.825,0.9155
2026-03-02 22:51:00,0.959,0.695,0.605,0.835,0.9405
2026-03-02 22:52:00,0.958,0.695,0.605,0.835,0.945
2026-03-02 22:53:00,0.956,0.685,0.605,0.845,0.945
2026-03-02 22:54:00,0.9545,0.69,0.605,0.88,0.9345
2026-03-02 22:55:00,0.9775,0.69,0.605,0.885,0.9455
2026-03-02 22:56:00,0.977,0.685,0.61,0.915,0.951
2026-03-02 22:57:00,0.976,0.69,0.61,0.915,0.946
2026-03-02 22:58:00,0.976,0.69,0.61,0.945,0.946
2026-03-02 22:59:00,0.9755,0.685,0.61,0.945,0.9415
2026-03-02 23:00:00,0.9755,0.685,0.61,0.945,0.9405
2026-03-02 23:01:00,0.9755,0.695,0.625,0.825,0.9155
2026-03-02 23:02:00,0.9935,0.7,0.635,0.975,0.9455
2026-03-02 23:03:00,0.9935,0.695,0.63,0.975,0.9455
2026-03-02 23:04:00,0.9935,0.69,0.615,0.98,0.9415
2026-03-02 23:05:00,0.9935,0.69,0.625,0.985,0.9415
2026-03-02 23:06:00,0.994,0.685,0.62,0.985,0.9405
2026-03-02 23:07:00,0.994,0.685,0.62,0.985,0.941
2026-03-02 23:08:00,0.994,0.685,0.62,0.9845,0.9405
2026-03-02 23:09:00,0.994,0.685,0.625,0.9845,0.941
2026-03-02 23:10:00,0.9945,0.685,0.62,0.9705,0.9155
2026-03-02 23:11:00,0.9945,0.685,0.62,0.9705,0.941
2026-03-02 23:12:00,0.9945,0.685,0.62,0.9705,0.9405
2026-03-02 23:13:00,0.9945,0.685,0.62,0.975,0.941
2026-03-02 23:14:00,0.9945,0.685,0.62,0.975,0.9415
2026-03-02 23:15:00,0.9945,0.685,0.62,0.975,0.9415
2026-03-02 23:16:00,0.9945,0.685,0.62,0.975,0.9405
2026-03-02 23:17:00,0.9945,0.685,0.62,0.9745,0.9405
2026-03-02 23:19:00,0.9945,0.685,0.62,0.97,0.9405
2026-03-02 23:20:00,0.9945,0.685,0.62,0.9755,0.941
2026-03-02 23:21:00,0.9945,0.685,0.62,0.975,0.9405
2026-03-02 23:22:00,0.9945,0.685,0.62,0.9755,0.9455
2026-03-02 23:23:00,0.9945,0.685,0.62,0.9705,0.941
2026-03-02 23:24:00,0.9945,0.685,0.62,0.97,0.9405
2026-03-02 23:25:00,0.9945,0.685,0.625,0.97,0.9405
2026-03-02 23:26:00,0.9945,0.68,0.62,0.97,0.9405
2026-03-02 23:27:00,0.9945,0.685,0.62,0.97,0.9405
2026-03-02 23:28:00,0.9945,0.685,0.615,0.97,0.941
2026-03-02 23:29:00,0.9945,0.685,0.61,0.97,0.9405
2026-03-02 23:31:00,0.9945,0.685,0.62,0.97,0.941
2026-03-02 23:32:00,0.9945,0.685,0.61,0.9685,0.9465
2026-03-02 23:33:00,0.9945,0.685,0.61,0.9685,0.9485
2026-03-02 23:34:00,0.9945,0.685,0.575,0.9705,0.941
2026-03-02 23:36:00,0.993,0.685,0.565,0.971,0.941
2026-03-02 23:37:00,0.9935,0.685,0.565,0.971,0.9405
2026-03-02 23:38:00,0.994,0.685,0.585,0.9715,0.9425
2026-03-02 23:39:00,0.9935,0.685,0.6,0.9745,0.9405
2026-03-02 23:40:00,0.9945,0.685,0.62,0.97,0.941
2026-03-02 23:41:00,0.9935,0.685,0.6,0.9745,0.941
2026-03-02 23:42:00,0.995,0.685,0.605,0.9745,0.941
2026-03-02 23:43:00,0.995,0.685,0.62,0.9745,0.9405
2026-03-02 23:45:00,0.995,0.685,0.62,0.9745,0.9455
2026-03-02 23:46:00,0.995,0.68,0.62,0.9745,0.9405
2026-03-02 23:47:00,0.995,0.685,0.62,0.975,0.941
2026-03-02 23:48:00,0.995,0.685,0.625,0.975,0.9405
2026-03-02 23:49:00,0.995,0.685,0.61,0.975,0.9455
2026-03-02 23:50:00,0.9935,0.685,0.62,0.9725,0.941
2026-03-02 23:51:00,0.993,0.685,0.61,0.9725,0.9405
2026-03-02 23:52:00,0.993,0.685,0.61,0.975,0.9435
2026-03-02 23:53:00,0.993,0.68,0.615,0.975,0.94
2026-03-02 23:54:00,0.993,0.69,0.63,0.975,0.941
2026-03-02 23:55:00,0.993,0.69,0.625,0.975,0.9405
2026-03-02 23:56:00,0.993,0.68,0.625,0.975,0.9415
2026-03-02 23:57:00,0.993,0.68,0.625,0.9755,0.941
2026-03-02 23:58:00,0.993,0.68,0.625,0.976,0.94
2026-03-02 23:59:00,0.9925,0.68,0.625,0.976,0.9405
2026-03-03 00:00:00,0.993,0.68,0.625,0.9725,0.941
2026-03-03 00:01:00,0.993,0.68,0.625,0.976,0.9405
2026-03-03 00:02:00,0.9915,0.68,0.625,0.975,0.9355
2026-03-03 00:04:00,0.99,0.68,0.62,0.9765,0.9405
2026-03-03 00:05:00,0.99,0.68,0.625,0.977,0.9395
2026-03-03 00:06:00,0.99,0.68,0.625,0.977,0.9395
2026-03-03 00:07:00,0.9845,0.67,0.625,0.977,0.9405
2026-03-03 00:08:00,0.9775,0.67,0.625,0.977,0.941
2026-03-03 00:09:00,0.976,0.67,0.61,0.9845,0.941
2026-03-03 00:10:00,0.9795,0.67,0.61,0.9845,0.9405
2026-03-03 00:11:00,0.9795,0.67,0.61,0.9845,0.94
2026-03-03 00:12:00,0.981,0.67,0.61,0.985,0.94
2026-03-03 00:13:00,0.9805,0.67,0.61,0.985,0.939
2026-03-03 00:14:00,0.981,0.67,0.61,0.985,0.9405
2026-03-03 00:15:00,0.9855,0.67,0.61,0.985,0.9405
2026-03-03 00:16:00,0.9855,0.67,0.61,0.985,0.9415
2026-03-03 00:17:00,0.9855,0.67,0.61,0.9855,0.941
2026-03-03 00:18:00,0.9845,0.67,0.61,0.986,0.9385
2026-03-03 00:19:00,0.985,0.67,0.61,0.9855,0.9405
2026-03-03 00:21:00,0.9845,0.67,0.61,0.9855,0.941
2026-03-03 00:22:00,0.9835,0.67,0.61,0.9855,0.941
2026-03-03 00:23:00,0.983,0.67,0.61,0.9855,0.9405
2026-03-03 00:24:00,0.9835,0.67,0.61,0.9855,0.9405
2026-03-03 00:25:00,0.9805,0.67,0.61,0.986,0.9405
2026-03-03 00:26:00,0.98,0.67,0.61,0.9855,0.941
2026-03-03 00:27:00,0.9845,0.67,0.61,0.9855,0.94
2026-03-03 00:28:00,0.9845,0.67,0.605,0.9815,0.94
2026-03-03 00:29:00,0.9895,0.665,0.595,0.9815,0.941
2026-03-03 00:30:00,0.991,0.665,0.595,0.9855,0.941
2026-03-03 00:31:00,0.991,0.665,0.595,0.9815,0.94
2026-03-03 00:32:00,0.988,0.665,0.595,0.9815,0.94
2026-03-03 00:33:00,0.988,0.665,0.595,0.9815,0.941
2026-03-03 00:34:00,0.988,0.665,0.59,0.9815,0.94
2026-03-03 00:35:00,0.988,0.665,0.59,0.9815,0.94
2026-03-03 00:36:00,0.988,0.665,0.59,0.9815,0.935
2026-03-03 00:37:00,0.9885,0.665,0.59,0.9815,0.935
2026-03-03 00:38:00,0.9885,0.665,0.595,0.9815,0.935
2026-03-03 00:39:00,0.9885,0.665,0.595,0.9815,0.934
2026-03-03 00:40:00,0.989,0.665,0.595,0.9815,0.932
2026-03-03 00:41:00,0.9895,0.665,0.595,0.9805,0.93
2026-03-03 00:42:00,0.9895,0.665,0.595,0.9845,0.93
2026-03-03 00:43:00,0.9885,0.665,0.59,0.984,0.93
2026-03-03 00:44:00,0.989,0.665,0.59,0.9825,0.931
2026-03-03 00:45:00,0.989,0.665,0.59,0.9825,0.93
2026-03-03 00:46:00,0.989,0.665,0.59,0.9825,0.93
2026-03-03 00:47:00,0.989,0.665,0.59,0.982,0.93
2026-03-03 00:48:00,0.989,0.665,0.595,0.982,0.93
2026-03-03 00:49:00,0.989,0.665,0.595,0.982,0.93
2026-03-03 00:50:00,0.989,0.665,0.595,0.982,0.9245
2026-03-03 00:51:00,0.989,0.665,0.595,0.982,0.9445
2026-03-03 00:52:00,0.989,0.665,0.595,0.9815,0.94
2026-03-03 00:53:00,0.989,0.665,0.595,0.9835,0.935
2026-03-03 00:54:00,0.989,0.665,0.585,0.984,0.9305
2026-03-03 00:55:00,0.989,0.665,0.585,0.9845,0.931
2026-03-03 00:56:00,0.989,0.665,0.585,0.985,0.9305
2026-03-03 00:57:00,0.989,0.665,0.58,0.985,0.9305
2026-03-03 00:58:00,0.989,0.665,0.58,0.985,0.9305
2026-03-03 00:59:00,0.989,0.665,0.58,0.9845,0.9305
2026-03-03 01:00:00,0.989,0.665,0.58,0.985,0.9305
2026-03-03 01:01:00,0.989,0.665,0.585,0.982,0.9245
2026-03-03 01:02:00,0.989,0.665,0.585,0.984,0.9305
2026-03-03 01:03:00,0.989,0.66,0.585,0.9845,0.9305
2026-03-03 01:04:00,0.989,0.66,0.585,0.9845,0.9305
2026-03-03 01:05:00,0.989,0.66,0.585,0.984,0.9305
2026-03-03 01:06:00,0.989,0.66,0.585,0.984,0.9285
2026-03-03 01:07:00,0.989,0.66,0.58,0.9845,0.9285
2026-03-03 01:08:00,0.989,0.66,0.58,0.984,0.9285
2026-03-03 01:09:00,0.989,0.66,0.58,0.9845,0.9285
2026-03-03 01:10:00,0.989,0.66,0.58,0.984,0.9285
2026-03-03 01:11:00,0.9915,0.66,0.58,0.9845,0.9285
2026-03-03 01:12:00,0.993,0.66,0.58,0.9845,0.928
2026-03-03 01:13:00,0.993,0.66,0.58,0.9895,0.9275
2026-03-03 01:14:00,0.993,0.66,0.58,0.9895,0.9275
2026-03-03 01:15:00,0.993,0.66,0.58,0.9905,0.9275
2026-03-03 01:17:00,0.993,0.66,0.58,0.9905,0.9275
2026-03-03 01:18:00,0.993,0.65,0.59,0.99,0.9265
2026-03-03 01:19:00,0.9935,0.65,0.58,0.992,0.9265
2026-03-03 01:20:00,0.993,0.65,0.58,0.992,0.9395
2026-03-03 01:21:00,0.993,0.65,0.585,0.9905,0.9225
2026-03-03 01:22:00,0.993,0.65,0.58,0.992,0.941
2026-03-03 01:23:00,0.993,0.65,0.58,0.991,0.929
2026-03-03 01:25:00,0.993,0.65,0.58,0.9905,0.929
2026-03-03 01:26:00,0.993,0.65,0.58,0.991,0.929
2026-03-03 01:27:00,0.993,0.65,0.585,0.989,0.9275
2026-03-03 01:28:00,0.9935,0.65,0.585,0.989,0.9275
2026-03-03 01:29:00,0.9935,0.65,0.585,0.988,0.9285
2026-03-03 01:30:00,0.9935,0.65,0.58,0.992,0.9395
2026-03-03 01:31:00,0.9935,0.65,0.58,0.9885,0.9285
2026-03-03 01:32:00,0.9935,0.645,0.58,0.988,0.9305
2026-03-03 01:33:00,0.9935,0.645,0.58,0.9885,0.9405
2026-03-03 01:34:00,0.9935,0.645,0.58,0.9885,0.9405
2026-03-03 01:35:00,0.9935,0.645,0.58,0.989,0.919
2026-03-03 01:36:00,0.9935,0.65,0.58,0.988,0.9445
2026-03-03 01:37:00,0.994,0.65,0.58,0.9885,0.954
2026-03-03 01:39:00,0.9945,0.645,0.58,0.988,0.953
2026-03-03 01:40:00,0.9945,0.645,0.58,0.9875,0.953
2026-03-03 01:41:00,0.9945,0.645,0.58,0.987,0.953
2026-03-03 01:42:00,0.9945,0.645,0.585,0.9875,0.953
2026-03-03 01:43:00,0.9945,0.64,0.585,0.987,0.953
2026-03-03 01:44:00,0.9945,0.63,0.585,0.9875,0.953
2026-03-03 01:45:00,0.9945,0.63,0.585,0.987,0.953
2026-03-03 01:46:00,0.9945,0.63,0.585,0.9885,0.953
2026-03-03 01:47:00,0.9945,0.63,0.585,0.9845,0.953
2026-03-03 01:48:00,0.993,0.63,0.585,0.9845,0.9515
2026-03-03 01:49:00,0.993,0.63,0.585,0.9845,0.9515
2026-03-03 01:50:00,0.994,0.63,0.585,0.9845,0.951
2026-03-03 01:51:00,0.994,0.63,0.585,0.985,0.951
2026-03-03 01:52:00,0.994,0.63,0.585,0.9845,0.951
2026-03-03 01:53:00,0.994,0.63,0.585,0.985,0.9495
2026-03-03 01:54:00,0.994,0.63,0.585,0.985,0.9495
2026-03-03 01:55:00,0.994,0.625,0.58,0.985,0.9495
2026-03-03 01:56:00,0.994,0.625,0.58,0.985,0.9495
2026-03-03 01:57:00,0.994,0.625,0.58,0.985,0.9455
2026-03-03 01:58:00,0.994,0.63,0.58,0.985,0.9455
2026-03-03 02:00:00,0.994,0.63,0.58,0.985,0.9455
2026-03-03 02:01:00,0.994,0.625,0.58,0.9845,0.951
2026-03-03 02:02:00,0.994,0.62,0.58,0.985,0.955
2026-03-03 02:03:00,0.994,0.62,0.585,0.985,0.956
2026-03-03 02:04:00,0.994,0.62,0.585,0.9855,0.953
2026-03-03 02:05:00,0.994,0.62,0.585,0.9855,0.953
2026-03-03 02:06:00,0.9845,0.62,0.585,0.985,0.9475
2026-03-03 02:07:00,0.9845,0.625,0.585,0.985,0.9525
2026-03-03 02:08:00,0.9845,0.625,0.585,0.985,0.946
2026-03-03 02:09:00,0.9845,0.625,0.585,0.985,0.9515
2026-03-03 02:10:00,0.9845,0.625,0.585,0.985,0.952
2026-03-03 02:11:00,0.9345,0.625,0.585,0.986,0.966
2026-03-03 02:12:00,0.933,0.625,0.585,0.986,0.966
2026-03-03 02:13:00,0.938,0.625,0.585,0.986,0.942
2026-03-03 02:14:00,0.9405,0.625,0.585,0.986,0.9515
2026-03-03 02:15:00,0.941,0.625,0.585,0.9865,0.9515
2026-03-03 02:16:00,0.9355,0.625,0.585,0.986,0.9515
2026-03-03 02:17:00,0.9365,0.625,0.585,0.9865,0.951
2026-03-03 02:18:00,0.937,0.625,0.585,0.9865,0.9415
2026-03-03 02:19:00,0.934,0.625,0.585,0.986,0.9415
2026-03-03 02:20:00,0.944,0.625,0.585,0.986,0.952
2026-03-03 02:21:00,0.944,0.625,0.585,0.986,0.946
2026-03-03 02:22:00,0.9345,0.625,0.58,0.986,0.9515
2026-03-03 02:23:00,0.9345,0.625,0.58,0.986,0.9515
2026-03-03 02:24:00,0.934,0.625,0.545,0.986,0.9515
2026-03-03 02:25:00,0.9305,0.63,0.545,0.986,0.9515
2026-03-03 02:26:00,0.9305,0.63,0.545,0.986,0.953
2026-03-03 02:27:00,0.9295,0.63,0.545,0.986,0.952
2026-03-03 02:28:00,0.939,0.63,0.545,0.986,0.9535
2026-03-03 02:29:00,0.9465,0.63,0.545,0.9865,0.9465
2026-03-03 02:30:00,0.944,0.63,0.585,0.986,0.946
2026-03-03 02:31:00,0.947,0.63,0.545,0.9865,0.9515
2026-03-03 02:32:00,0.941,0.63,0.56,0.985,0.9535
2026-03-03 02:33:00,0.9385,0.63,0.56,0.985,0.958
2026-03-03 02:34:00,0.9485,0.63,0.56,0.985,0.951
2026-03-03 02:35:00,0.9495,0.63,0.56,0.985,0.951
2026-03-03 02:36:00,0.9495,0.63,0.56,0.9845,0.9565
2026-03-03 02:37:00,0.95,0.63,0.56,0.9845,0.9565
2026-03-03 02:38:00,0.9505,0.63,0.56,0.985,0.9555
2026-03-03 02:39:00,0.9505,0.63,0.56,0.985,0.9555
2026-03-03 02:40:00,0.9515,0.625,0.56,0.985,0.951
2026-03-03 02:41:00,0.949,0.625,0.56,0.985,0.9675
2026-03-03 02:42:00,0.952,0.625,0.56,0.985,0.959
2026-03-03 02:43:00,0.9525,0.615,0.56,0.979,0.959
2026-03-03 02:44:00,0.958,0.615,0.56,0.979,0.9565
2026-03-03 02:45:00,0.9575,0.615,0.56,0.9815,0.957
2026-03-03 02:46:00,0.962,0.615,0.56,0.9825,0.9525
2026-03-03 02:47:00,0.967,0.615,0.56,0.985,0.9935
2026-03-03 02:48:00,0.965,0.615,0.56,0.985,0.9935
2026-03-03 02:49:00,0.972,0.615,0.56,0.985,0.9935
2026-03-03 02:50:00,0.9755,0.615,0.56,0.976,0.951
2026-03-03 02:51:00,0.9755,0.615,0.56,0.976,0.993
2026-03-03 02:53:00,0.978,0.595,0.56,0.976,0.9935
2026-03-03 02:54:00,0.978,0.59,0.56,0.976,0.994
2026-03-03 02:55:00,0.978,0.59,0.56,0.976,0.994
2026-03-03 02:56:00,0.978,0.59,0.56,0.976,0.993
2026-03-03 02:57:00,0.978,0.59,0.56,0.9755,0.993
2026-03-03 02:58:00,0.978,0.57,0.56,0.975,0.993
2026-03-03 02:59:00,0.9785,0.57,0.56,0.9735,0.993
2026-03-03 03:00:00,0.979,0.57,0.56,0.976,0.993
2026-03-03 03:01:00,0.979,0.57,0.56,0.9735,0.993
2026-03-03 03:02:00,0.984,0.57,0.56,0.9735,0.993
2026-03-03 03:03:00,0.984,0.57,0.56,0.9735,0.993
2026-03-03 03:04:00,0.9805,0.57,0.56,0.9735,0.993
2026-03-03 03:05:00,0.9805,0.57,0.56,0.9735,0.993
2026-03-03 03:06:00,0.9935,0.57,0.56,0.9735,0.993
2026-03-03 03:07:00,0.9935,0.57,0.56,0.975,0.993
2026-03-03 03:08:00,0.993,0.57,0.56,0.9735,0.988
2026-03-03 03:09:00,0.993,0.57,0.56,0.9755,0.9875
2026-03-03 03:10:00,0.993,0.565,0.56,0.9735,0.993
2026-03-03 03:11:00,0.993,0.565,0.56,0.9735,0.986
2026-03-03 03:12:00,0.9795,0.555,0.565,0.9735,0.985
2026-03-03 03:13:00,0.98,0.555,0.565,0.9735,0.9855
2026-03-03 03:14:00,0.98,0.555,0.565,0.9735,0.9855
2026-03-03 03:15:00,0.98,0.555,0.565,0.9735,0.985
2026-03-03 03:16:00,0.98,0.555,0.565,0.9735,0.985
2026-03-03 03:17:00,0.98,0.555,0.565,0.9765,0.9845
2026-03-03 03:18:00,0.9805,0.555,0.565,0.9765,0.9845
2026-03-03 03:19:00,0.98,0.555,0.565,0.9765,0.985
2026-03-03 03:20:00,0.9805,0.555,0.565,0.98,0.985
2026-03-03 03:21:00,0.9805,0.555,0.565,0.98,0.9845
2026-03-03 03:22:00,0.98,0.555,0.565,0.977,0.9845
2026-03-03 03:23:00,0.982,0.555,0.565,0.977,0.9845
2026-03-03 03:24:00,0.9815,0.555,0.565,0.977,0.985
2026-03-03 03:25:00,0.982,0.555,0.565,0.977,0.985
2026-03-03 03:27:00,0.981,0.555,0.565,0.975,0.985
2026-03-03 03:28:00,0.9815,0.555,0.565,0.974,0.9845
2026-03-03 03:29:00,0.9815,0.555,0.565,0.974,0.9845
2026-03-03 03:30:00,0.9805,0.555,0.565,0.98,0.985
2026-03-03 03:31:00,0.985,0.555,0.565,0.974,0.9845
2026-03-03 03:32:00,0.9835,0.555,0.565,0.974,0.9845
2026-03-03 03:33:00,0.984,0.555,0.565,0.974,0.9845
2026-03-03 03:34:00,0.984,0.555,0.565,0.974,0.956
2026-03-03 03:35:00,0.9855,0.555,0.565,0.974,0.956
2026-03-03 03:36:00,0.985,0.555,0.565,0.974,0.956
2026-03-03 03:37:00,0.9855,0.555,0.565,0.974,0.968
2026-03-03 03:38:00,0.985,0.555,0.565,0.974,0.965
2026-03-03 03:39:00,0.9855,0.555,0.565,0.974,0.965
2026-03-03 03:40:00,0.985,0.555,0.565,0.974,0.965
2026-03-03 03:41:00,0.986,0.555,0.565,0.974,0.9375
2026-03-03 03:42:00,0.986,0.555,0.565,0.974,0.9545
2026-03-03 03:43:00,0.9855,0.555,0.565,0.974,0.9335
2026-03-03 03:44:00,0.9855,0.555,0.565,0.9765,0.9335
2026-03-03 03:45:00,0.9855,0.555,0.565,0.978,0.9375
2026-03-03 03:46:00,0.986,0.555,0.56,0.9765,0.938
2026-03-03 03:47:00,0.9855,0.555,0.56,0.9755,0.938
2026-03-03 03:48:00,0.985,0.555,0.56,0.973,0.941
2026-03-03 03:49:00,0.986,0.555,0.56,0.973,0.9325
2026-03-03 03:50:00,0.9855,0.555,0.56,0.974,0.965
2026-03-03 03:51:00,0.9855,0.555,0.56,0.9725,0.9465
2026-03-03 03:52:00,0.985,0.555,0.56,0.9725,0.939
2026-03-03 03:54:00,0.985,0.555,0.56,0.9725,0.922
2026-03-03 03:55:00,0.985,0.555,0.56,0.9725,0.937
2026-03-03 03:56:00,0.985,0.555,0.56,0.9725,0.9335
2026-03-03 03:57:00,0.985,0.555,0.555,0.972,0.9325
2026-03-03 03:58:00,0.985,0.555,0.555,0.971,0.9225
2026-03-03 03:59:00,0.985,0.555,0.555,0.971,0.92
2026-03-03 04:00:00,0.985,0.555,0.555,0.9725,0.9465
2026-03-03 04:01:00,0.985,0.555,0.555,0.971,0.924
2026-03-03 04:02:00,0.985,0.555,0.555,0.971,0.9215
2026-03-03 04:03:00,0.98,0.555,0.55,0.971,0.9245
2026-03-03 04:04:00,0.9805,0.555,0.55,0.971,0.9315
2026-03-03 04:05:00,0.9785,0.555,0.55,0.971,0.9315
2026-03-03 04:06:00,0.9785,0.555,0.55,0.971,0.9275
2026-03-03 04:07:00,0.979,0.555,0.55,0.971,0.924
2026-03-03 04:08:00,0.9785,0.555,0.56,0.971,0.921
2026-03-03 04:09:00,0.979,0.555,0.56,0.971,0.918
2026-03-03 04:10:00,0.9785,0.555,0.56,0.971,0.924
2026-03-03 04:11:00,0.9785,0.555,0.56,0.971,0.9305
2026-03-03 04:12:00,0.978,0.555,0.56,0.971,0.9305
2026-03-03 04:13:00,0.9775,0.555,0.56,0.97,0.9305
2026-03-03 04:14:00,0.9775,0.555,0.56,0.97,0.9295
2026-03-03 04:15:00,0.977,0.555,0.56,0.97,0.9295
2026-03-03 04:16:00,0.9795,0.555,0.56,0.97,0.924
2026-03-03 04:18:00,0.9765,0.555,0.56,0.9685,0.928
2026-03-03 04:19:00,0.975,0.555,0.56,0.9685,0.9315
2026-03-03 04:20:00,0.975,0.555,0.56,0.97,0.9315
2026-03-03 04:21:00,0.975,0.555,0.56,0.97,0.9315
2026-03-03 04:22:00,0.975,0.555,0.56,0.97,0.9285
2026-03-03 04:23:00,0.975,0.555,0.56,0.97,0.9315
2026-03-03 04:24:00,0.9765,0.555,0.56,0.97,0.9305
2026-03-03 04:25:00,0.9755,0.555,0.56,0.97,0.9305
2026-03-03 04:26:00,0.9755,0.555,0.56,0.97,0.9315
2026-03-03 04:27:00,0.9755,0.555,0.56,0.97,0.9275
2026-03-03 04:28:00,0.9755,0.555,0.56,0.97,0.9235
2026-03-03 04:29:00,0.9755,0.555,0.56,0.97,0.9455
2026-03-03 04:30:00,0.9755,0.555,0.56,0.97,0.9315
2026-03-03 04:31:00,0.9755,0.555,0.56,0.97,0.9315
2026-03-03 04:32:00,0.9755,0.555,0.56,0.97,0.929
2026-03-03 04:33:00,0.9755,0.555,0.56,0.97,0.925
2026-03-03 04:34:00,0.9755,0.555,0.56,0.97,0.9235
2026-03-03 04:35:00,0.9755,0.555,0.56,0.97,0.9235
2026-03-03 04:36:00,0.9755,0.555,0.56,0.97,0.926
2026-03-03 04:37:00,0.9755,0.555,0.56,0.97,0.92
2026-03-03 04:38:00,0.9755,0.555,0.56,0.97,0.921
2026-03-03 04:39:00,0.9755,0.555,0.56,0.969,0.9125
2026-03-03 04:40:00,0.9755,0.555,0.56,0.969,0.9315
2026-03-03 04:41:00,0.9755,0.555,0.56,0.969,0.9145
2026-03-03 04:42:00,0.978,0.555,0.56,0.969,0.9145
2026-03-03 04:43:00,0.9775,0.555,0.56,0.969,0.9145
2026-03-03 04:44:00,0.9775,0.58,0.56,0.969,0.9145
2026-03-03 04:45:00,0.978,0.58,0.56,0.969,0.9145
2026-03-03 04:46:00,0.978,0.59,0.56,0.969,0.9145
2026-03-03 04:47:00,0.978,0.59,0.56,0.969,0.9145
2026-03-03 04:48:00,0.978,0.57,0.56,0.9675,0.9145
2026-03-03 04:49:00,0.978,0.57,0.56,0.9675,0.9145
2026-03-03 04:50:00,0.9785,0.57,0.56,0.969,0.9145
2026-03-03 04:51:00,0.9785,0.57,0.56,0.9675,0.9145
2026-03-03 04:52:00,0.9785,0.585,0.56,0.9705,0.9135
2026-03-03 04:53:00,0.9785,0.585,0.56,0.9705,0.9135
2026-03-03 04:54:00,0.9785,0.585,0.56,0.97,0.9115
2026-03-03 04:55:00,0.9785,0.585,0.56,0.97,0.9115
2026-03-03 04:56:00,0.9785,0.585,0.56,0.9735,0.9135
2026-03-03 04:57:00,0.9785,0.585,0.56,0.971,0.911
2026-03-03 04:58:00,0.9785,0.615,0.56,0.9685,0.912
2026-03-03 04:59:00,0.9785,0.64,0.56,0.968,0.911
2026-03-03 05:00:00,0.9785,0.64,0.56,0.9675,0.9145
2026-03-03 05:01:00,0.9785,0.64,0.56,0.968,0.9125
2026-03-03 05:02:00,0.979,0.64,0.56,0.968,0.9125
2026-03-03 05:03:00,0.9795,0.64,0.56,0.968,0.9125
2026-03-03 05:04:00,0.9795,0.64,0.56,0.977,0.9125
2026-03-03 05:05:00,0.979,0.64,0.56,0.9735,0.9125
2026-03-03 05:06:00,0.979,0.64,0.56,0.9775,0.912
2026-03-03 05:07:00,0.9785,0.64,0.56,0.9715,0.911
2026-03-03 05:08:00,0.9785,0.64,0.56,0.9735,0.912
2026-03-03 05:09:00,0.9785,0.64,0.56,0.971,0.9135
2026-03-03 05:10:00,0.9785,0.64,0.56,0.972,0.9125
2026-03-03 05:11:00,0.9785,0.64,0.56,0.972,0.912
2026-03-03 05:12:00,0.9785,0.64,0.56,0.9735,0.9135
2026-03-03 05:13:00,0.9785,0.64,0.56,0.9735,0.9135
2026-03-03 05:14:00,0.9785,0.64,0.565,0.9735,0.9125
2026-03-03 05:15:00,0.978,0.64,0.565,0.97,0.9135
2026-03-03 05:16:00,0.978,0.64,0.565,0.9685,0.9105
2026-03-03 05:17:00,0.978,0.64,0.565,0.974,0.9075
2026-03-03 05:18:00,0.978,0.64,0.565,0.972,0.908
2026-03-03 05:19:00,0.978,0.64,0.565,0.972,0.908
2026-03-03 05:20:00,0.978,0.64,0.565,0.9725,0.912
2026-03-03 05:21:00,0.978,0.64,0.565,0.9725,0.909
2026-03-03 05:22:00,0.978,0.64,0.57,0.974,0.909
2026-03-03 05:23:00,0.978,0.64,0.57,0.973,0.913
2026-03-03 05:24:00,0.978,0.64,0.57,0.9735,0.912
2026-03-03 05:25:00,0.978,0.65,0.57,0.974,0.912
2026-03-03 05:26:00,0.978,0.65,0.57,0.972,0.913
2026-03-03 05:27:00,0.979,0.65,0.57,0.973,0.9115
2026-03-03 05:28:00,0.979,0.65,0.57,0.9735,0.9135
2026-03-03 05:29:00,0.979,0.65,0.57,0.973,0.9135
2026-03-03 05:30:00,0.979,0.65,0.57,0.9725,0.909
2026-03-03 05:31:00,0.979,0.65,0.57,0.971,0.9075
2026-03-03 05:32:00,0.979,0.65,0.57,0.97,0.9125
2026-03-03 05:33:00,0.979,0.67,0.57,0.972,0.9135
2026-03-03 05:34:00,0.979,0.67,0.57,0.9705,0.9065
2026-03-03 05:35:00,0.979,0.67,0.57,0.9685,0.9065
2026-03-03 05:36:00,0.979,0.67,0.57,0.9685,0.908
2026-03-03 05:37:00,0.979,0.705,0.57,0.971,0.9135
2026-03-03 05:38:00,0.9785,0.705,0.57,0.9705,0.9085
2026-03-03 05:39:00,0.9785,0.695,0.57,0.9705,0.9085
2026-03-03 05:40:00,0.9785,0.695,0.57,0.9705,0.909
2026-03-03 05:41:00,0.9785,0.695,0.57,0.9705,0.9075
2026-03-03 05:42:00,0.979,0.695,0.57,0.971,0.913
2026-03-03 05:43:00,0.9785,0.695,0.57,0.971,0.913
2026-03-03 05:44:00,0.9785,0.695,0.57,0.971,0.913
2026-03-03 05:45:00,0.9785,0.695,0.57,0.9705,0.913
2026-03-03 05:46:00,0.9785,0.695,0.57,0.9705,0.9125
2026-03-03 05:47:00,0.979,0.695,0.57,0.971,0.913
2026-03-03 05:48:00,0.981,0.675,0.57,0.972,0.9065
2026-03-03 05:49:00,0.981,0.685,0.57,0.969,0.907
2026-03-03 05:50:00,0.981,0.69,0.57,0.9685,0.916
2026-03-03 05:51:00,0.982,0.69,0.57,0.9715,0.9155
2026-03-03 05:53:00,0.9805,0.67,0.57,0.971,0.91
2026-03-03 05:54:00,0.9805,0.67,0.57,0.971,0.9165
2026-03-03 05:55:00,0.9805,0.665,0.57,0.97,0.9165
2026-03-03 05:56:00,0.9805,0.665,0.57,0.9705,0.916
2026-03-03 05:57:00,0.981,0.645,0.57,0.9685,0.917
2026-03-03 05:58:00,0.981,0.645,0.57,0.969,0.917
2026-03-03 05:59:00,0.981,0.645,0.57,0.9695,0.917
2026-03-03 06:00:00,0.981,0.645,0.57,0.9685,0.916
2026-03-03 06:01:00,0.981,0.645,0.57,0.968,0.917
2026-03-03 06:02:00,0.981,0.645,0.57,0.969,0.917
2026-03-03 06:03:00,0.981,0.645,0.57,0.969,0.9105
2026-03-03 06:04:00,0.981,0.645,0.57,0.969,0.917
2026-03-03 06:05:00,0.981,0.645,0.57,0.969,0.917
2026-03-03 06:06:00,0.981,0.645,0.57,0.969,0.917
2026-03-03 06:07:00,0.981,0.645,0.57,0.968,0.931
2026-03-03 06:08:00,0.9805,0.645,0.57,0.968,0.931
2026-03-03 06:09:00,0.9805,0.64,0.57,0.975,0.924
2026-03-03 06:10:00,0.9805,0.64,0.57,0.968,0.917
2026-03-03 06:11:00,0.9805,0.64,0.57,0.9745,0.9295
2026-03-03 06:13:00,0.981,0.63,0.57,0.9745,0.9295
2026-03-03 06:14:00,0.981,0.63,0.57,0.9705,0.9105
2026-03-03 06:15:00,0.981,0.63,0.57,0.9705,0.9105
2026-03-03 06:16:00,0.981,0.63,0.57,0.976,0.929
2026-03-03 06:17:00,0.981,0.63,0.57,0.98,0.929
2026-03-03 06:18:00,0.981,0.63,0.57,0.9735,0.931
2026-03-03 06:19:00,0.981,0.63,0.57,0.975,0.9295
2026-03-03 06:20:00,0.981,0.63,0.57,0.9725,0.9295
2026-03-03 06:21:00,0.981,0.62,0.57,0.9695,0.929
2026-03-03 06:22:00,0.982,0.62,0.57,0.9725,0.927
2026-03-03 06:23:00,0.9815,0.62,0.57,0.971,0.929
2026-03-03 06:24:00,0.9815,0.62,0.57,0.971,0.9295
2026-03-03 06:25:00,0.9825,0.62,0.57,0.9715,0.9295
2026-03-03 06:26:00,0.984,0.62,0.57,0.9775,0.9295
2026-03-03 06:27:00,0.9845,0.62,0.57,0.9775,0.9295
2026-03-03 06:28:00,0.9845,0.62,0.57,0.9785,0.929
2026-03-03 06:29:00,0.9845,0.62,0.57,0.978,0.929
2026-03-03 06:30:00,0.9845,0.62,0.57,0.9725,0.9295
2026-03-03 06:31:00,0.9845,0.62,0.57,0.974,0.929
2026-03-03 06:32:00,0.9845,0.62,0.57,0.9685,0.929
2026-03-03 06:33:00,0.9845,0.62,0.57,0.9685,0.929
2026-03-03 06:35:00,0.9845,0.62,0.57,0.968,0.925
2026-03-03 06:36:00,0.981,0.62,0.57,0.972,0.929
2026-03-03 06:38:00,0.979,0.63,0.57,0.981,0.929
2026-03-03 06:39:00,0.952,0.63,0.57,0.9805,0.928
2026-03-03 06:40:00,0.958,0.63,0.57,0.9865,0.929
2026-03-03 06:41:00,0.958,0.63,0.57,0.9865,0.9215
2026-03-03 06:43:00,0.9545,0.63,0.57,0.9775,0.925
2026-03-03 06:44:00,0.949,0.63,0.57,0.976,0.929
2026-03-03 06:46:00,0.9475,0.63,0.57,0.978,0.9295
2026-03-03 06:47:00,0.9475,0.63,0.57,0.9785,0.9295
2026-03-03 06:48:00,0.9505,0.63,0.57,0.9755,0.9265
2026-03-03 06:49:00,0.9515,0.63,0.57,0.9735,0.929
2026-03-03 06:50:00,0.9535,0.63,0.57,0.9775,0.929
2026-03-03 06:51:00,0.9535,0.63,0.57,0.9765,0.9285
2026-03-03 06:52:00,0.9545,0.63,0.57,0.9755,0.929
2026-03-03 06:53:00,0.9545,0.63,0.57,0.9745,0.929
2026-03-03 06:54:00,0.9545,0.63,0.57,0.973,0.929
2026-03-03 06:55:00,0.9545,0.63,0.57,0.973,0.929
2026-03-03 06:56:00,0.9555,0.63,0.57,0.973,0.929
2026-03-03 06:57:00,0.959,0.63,0.57,0.97,0.929
2026-03-03 06:58:00,0.9485,0.63,0.57,0.97,0.929
2026-03-03 06:59:00,0.9515,0.63,0.57,0.97,0.929
2026-03-03 07:00:00,0.9545,0.63,0.57,0.97,0.929
2026-03-03 07:01:00,0.9545,0.63,0.57,0.97,0.929
2026-03-03 07:02:00,0.9465,0.63,0.57,0.97,0.929
2026-03-03 07:03:00,0.9595,0.63,0.57,0.97,0.929
2026-03-03 07:04:00,0.9595,0.63,0.57,0.97,0.929
2026-03-03 07:05:00,0.9465,0.63,0.57,0.97,0.9285
2026-03-03 07:06:00,0.948,0.63,0.57,0.97,0.9285
2026-03-03 07:07:00,0.9545,0.63,0.57,0.97,0.9285
2026-03-03 07:08:00,0.9475,0.63,0.57,0.97,0.9285
2026-03-03 07:09:00,0.9505,0.63,0.57,0.97,0.9285
2026-03-03 07:10:00,0.9435,0.63,0.57,0.97,0.929
2026-03-03 07:11:00,0.9435,0.63,0.57,0.97,0.9285
2026-03-03 07:12:00,0.9195,0.63,0.57,0.969,0.9285
2026-03-03 07:13:00,0.9195,0.63,0.57,0.969,0.9285
2026-03-03 07:14:00,0.9195,0.63,0.57,0.969,0.9285
2026-03-03 07:15:00,0.919,0.63,0.58,0.969,0.9285
2026-03-03 07:16:00,0.919,0.63,0.58,0.969,0.9265
2026-03-03 07:17:00,0.919,0.63,0.58,0.969,0.9285
2026-03-03 07:18:00,0.919,0.63,0.58,0.968,0.9285
2026-03-03 07:19:00,0.9195,0.63,0.58,0.968,0.9285
2026-03-03 07:20:00,0.919,0.63,0.58,0.968,0.9285
2026-03-03 07:21:00,0.9195,0.63,0.585,0.968,0.928
2026-03-03 07:23:00,0.9195,0.63,0.585,0.9685,0.9285
2026-03-03 07:24:00,0.919,0.63,0.585,0.9685,0.9315
2026-03-03 07:25:00,0.919,0.63,0.585,0.9685,0.934
2026-03-03 07:26:00,0.919,0.63,0.585,0.9685,0.9375
2026-03-03 07:27:00,0.919,0.63,0.585,0.9685,0.9375
2026-03-03 07:28:00,0.9455,0.63,0.585,0.9685,0.9375
2026-03-03 07:29:00,0.95,0.63,0.585,0.9685,0.9375
2026-03-03 07:30:00,0.95,0.63,0.585,0.9685,0.9335
2026-03-03 07:31:00,0.96,0.63,0.585,0.9685,0.9285
2026-03-03 07:32:00,0.953,0.63,0.585,0.9685,0.9355
2026-03-03 07:33:00,0.9625,0.63,0.585,0.9685,0.943
2026-03-03 07:34:00,0.9425,0.63,0.585,0.9685,0.938
2026-03-03 07:35:00,0.957,0.63,0.585,0.9685,0.938
2026-03-03 07:36:00,0.9535,0.63,0.585,0.9685,0.94
2026-03-03 07:37:00,0.943,0.63,0.585,0.9685,0.94
2026-03-03 07:38:00,0.945,0.63,0.585,0.9685,0.94
2026-03-03 07:39:00,0.9475,0.63,0.585,0.9685,0.94
2026-03-03 07:40:00,0.942,0.63,0.585,0.9685,0.93
2026-03-03 07:41:00,0.9435,0.63,0.585,0.9675,0.9445
2026-03-03 07:42:00,0.946,0.63,0.585,0.9675,0.945
2026-03-03 07:43:00,0.939,0.63,0.585,0.9675,0.9365
2026-03-03 07:44:00,0.941,0.63,0.585,0.9675,0.942
2026-03-03 07:45:00,0.9435,0.63,0.585,0.9675,0.9375
2026-03-03 07:46:00,0.947,0.625,0.585,0.9675,0.93
2026-03-03 07:47:00,0.942,0.63,0.585,0.9675,0.943
2026-03-03 07:48:00,0.953,0.63,0.585,0.9685,0.939
2026-03-03 07:49:00,0.956,0.63,0.585,0.9685,0.935
2026-03-03 07:50:00,0.9485,0.63,0.585,0.9685,0.931
2026-03-03 07:51:00,0.9495,0.63,0.585,0.968,0.931
2026-03-03 07:52:00,0.951,0.63,0.585,0.9685,0.9415
2026-03-03 07:53:00,0.9525,0.63,0.585,0.9685,0.9295
2026-03-03 07:54:00,0.9505,0.63,0.585,0.9685,0.913
2026-03-03 07:55:00,0.9405,0.63,0.585,0.9685,0.913
2026-03-03 07:56:00,0.9405,0.63,0.585,0.9685,0.9205
2026-03-03 07:57:00,0.9525,0.63,0.585,0.9685,0.9175
2026-03-03 07:58:00,0.9505,0.63,0.585,0.968,0.9085
2026-03-03 07:59:00,0.9405,0.63,0.585,0.968,0.909
2026-03-03 08:01:00,0.9385,0.63,0.585,0.968,0.931
2026-03-03 08:02:00,0.938,0.63,0.585,0.968,0.925
2026-03-03 08:03:00,0.941,0.63,0.585,0.968,0.925
2026-03-03 08:04:00,0.9395,0.63,0.585,0.968,0.923
2026-03-03 08:05:00,0.9385,0.63,0.585,0.968,0.923
2026-03-03 08:06:00,0.955,0.63,0.585,0.968,0.924
2026-03-03 08:07:00,0.9635,0.63,0.585,0.9685,0.909
2026-03-03 08:08:00,0.9625,0.63,0.585,0.9685,0.9225
2026-03-03 08:09:00,0.9375,0.63,0.585,0.9685,0.944
2026-03-03 08:10:00,0.9335,0.63,0.585,0.9685,0.9445
2026-03-03 08:11:00,0.9295,0.63,0.6,0.9685,0.9445
2026-03-03 08:12:00,0.958,0.63,0.6,0.9685,0.9445
2026-03-03 08:13:00,0.954,0.63,0.6,0.9685,0.9445
2026-03-03 08:14:00,0.954,0.63,0.6,0.9685,0.9445
2026-03-03 08:15:00,0.9495,0.63,0.6,0.9685,0.9445
2026-03-03 08:16:00,0.9425,0.63,0.6,0.9685,0.944
2026-03-03 08:17:00,0.937,0.63,0.6,0.9685,0.9445
2026-03-03 08:19:00,0.937,0.63,0.6,0.9685,0.9445
2026-03-03 08:20:00,0.937,0.63,0.6,0.9685,0.9445
2026-03-03 08:21:00,0.937,0.63,0.6,0.9685,0.9445
2026-03-03 08:22:00,0.937,0.63,0.6,0.9685,0.9445
2026-03-03 08:23:00,0.936,0.63,0.6,0.9685,0.9445
2026-03-03 08:24:00,0.9545,0.63,0.6,0.9685,0.9445
2026-03-03 08:25:00,0.9545,0.63,0.6,0.9685,0.9445
2026-03-03 08:26:00,0.9545,0.63,0.6,0.9685,0.9445
2026-03-03 08:27:00,0.955,0.63,0.6,0.9685,0.9445
2026-03-03 08:28:00,0.955,0.63,0.6,0.9685,0.9445
2026-03-03 08:29:00,0.955,0.63,0.6,0.9685,0.9445
2026-03-03 08:30:00,0.955,0.63,0.6,0.9685,0.9445
2026-03-03 08:31:00,0.955,0.63,0.6,0.9685,0.9445
2026-03-03 08:32:00,0.953,0.63,0.6,0.9685,0.9445
2026-03-03 08:33:00,0.9435,0.63,0.6,0.9685,0.9445
2026-03-03 08:34:00,0.9425,0.63,0.6,0.9685,0.9455
2026-03-03 08:36:00,0.9425,0.63,0.6,0.9685,0.9455
2026-03-03 08:37:00,0.9425,0.63,0.6,0.9685,0.9455
2026-03-03 08:38:00,0.9425,0.63,0.6,0.9685,0.9455
2026-03-03 08:39:00,0.9555,0.63,0.6,0.9685,0.9455
2026-03-03 08:41:00,0.959,0.63,0.6,0.9685,0.9455
2026-03-03 08:42:00,0.9585,0.63,0.6,0.9685,0.946
2026-03-03 08:43:00,0.9645,0.63,0.6,0.9685,0.946
2026-03-03 08:44:00,0.961,0.63,0.6,0.9685,0.946
2026-03-03 08:45:00,0.968,0.63,0.6,0.9685,0.946
2026-03-03 08:46:00,0.965,0.63,0.6,0.9685,0.946
2026-03-03 08:47:00,0.9635,0.63,0.6,0.9685,0.946
2026-03-03 08:48:00,0.9815,0.63,0.6,0.9685,0.946
2026-03-03 08:49:00,0.9815,0.63,0.6,0.9685,0.946
2026-03-03 08:50:00,0.9815,0.63,0.6,0.9685,0.945
2026-03-03 08:51:00,0.981,0.63,0.6,0.9695,0.945
2026-03-03 08:52:00,0.981,0.63,0.6,0.9695,0.945
2026-03-03 08:53:00,0.993,0.63,0.6,0.9695,0.9785
2026-03-03 08:54:00,0.993,0.63,0.6,0.9695,0.9785
2026-03-03 08:55:00,0.993,0.63,0.6,0.9695,0.9875
2026-03-03 08:56:00,0.994,0.63,0.6,0.9695,0.988
2026-03-03 08:57:00,0.994,0.63,0.6,0.9695,0.992
2026-03-03 08:58:00,0.995,0.625,0.6,0.9695,0.988
2026-03-03 08:59:00,0.995,0.625,0.6,0.9695,0.988
2026-03-03 09:00:00,0.995,0.625,0.6,0.9685,0.945
2026-03-03 09:01:00,0.995,0.625,0.6,0.9695,0.988
2026-03-03 09:02:00,0.995,0.625,0.6,0.9695,0.9875
2026-03-03 09:03:00,0.995,0.625,0.6,0.9695,0.9875
2026-03-03 09:04:00,0.995,0.625,0.6,0.9695,0.985
2026-03-03 09:05:00,0.995,0.635,0.6,0.9695,0.985
2026-03-03 09:06:00,0.995,0.63,0.6,0.9695,0.984
2026-03-03 09:07:00,0.995,0.635,0.6,0.9695,0.9835
2026-03-03 09:08:00,0.995,0.63,0.6,0.9695,0.983
2026-03-03 09:09:00,0.995,0.63,0.6,0.9695,0.9835
2026-03-03 09:11:00,0.995,0.63,0.6,0.9695,0.983
2026-03-03 09:12:00,0.9955,0.63,0.6,0.9695,0.983
2026-03-03 09:13:00,0.9955,0.63,0.6,0.9695,0.986
2026-03-03 09:14:00,0.9955,0.63,0.6,0.9695,0.986
2026-03-03 09:16:00,0.9955,0.635,0.6,0.9695,0.9865
2026-03-03 09:18:00,0.9955,0.635,0.6,0.9695,0.985
2026-03-03 09:19:00,0.9955,0.635,0.6,0.968,0.984
2026-03-03 09:20:00,0.9955,0.635,0.6,0.9695,0.986
2026-03-03 09:21:00,0.9955,0.635,0.6,0.9685,0.986
2026-03-03 09:22:00,0.9955,0.635,0.6,0.9675,0.986
2026-03-03 09:23:00,0.9955,0.64,0.6,0.9685,0.986
2026-03-03 09:24:00,0.9955,0.635,0.6,0.9685,0.986
2026-03-03 09:25:00,0.9955,0.635,0.6,0.9675,0.986
2026-03-03 09:26:00,0.9955,0.635,0.6,0.9675,0.986
2026-03-03 09:27:00,0.9955,0.635,0.6,0.9675,0.986
2026-03-03 09:28:00,0.9955,0.635,0.6,0.969,0.9865
2026-03-03 09:29:00,0.9955,0.635,0.6,0.969,0.986
2026-03-03 09:30:00,0.9955,0.635,0.6,0.9695,0.986
2026-03-03 09:31:00,0.9955,0.635,0.6,0.969,0.986
2026-03-03 09:32:00,0.994,0.635,0.6,0.969,0.986
2026-03-03 09:33:00,0.994,0.635,0.6,0.969,0.986
2026-03-03 09:34:00,0.994,0.635,0.6,0.969,0.986
2026-03-03 09:35:00,0.994,0.635,0.6,0.9695,0.986
2026-03-03 09:36:00,0.994,0.64,0.6,0.969,0.9865
2026-03-03 09:37:00,0.994,0.64,0.6,0.969,0.986
2026-03-03 09:38:00,0.9945,0.64,0.6,0.969,0.986
2026-03-03 09:39:00,0.9945,0.635,0.6,0.969,0.9815
2026-03-03 09:40:00,0.9945,0.64,0.6,0.969,0.9815
2026-03-03 09:41:00,0.9945,0.64,0.6,0.969,0.9815
2026-03-03 09:42:00,0.9945,0.64,0.6,0.969,0.9815
2026-03-03 09:43:00,0.9945,0.635,0.6,0.969,0.9815
2026-03-03 09:44:00,0.9945,0.64,0.6,0.969,0.9815
2026-03-03 09:45:00,0.9945,0.64,0.6,0.969,0.9815
2026-03-03 09:46:00,0.9945,0.635,0.6,0.969,0.9815
2026-03-03 09:47:00,0.9945,0.64,0.6,0.969,0.9815
2026-03-03 09:48:00,0.9945,0.64,0.6,0.968,0.9815
2026-03-03 09:49:00,0.9945,0.64,0.6,0.968,0.9815
2026-03-03 09:50:00,0.9945,0.64,0.6,0.968,0.9815
2026-03-03 09:51:00,0.9945,0.64,0.6,0.9675,0.9815
2026-03-03 09:52:00,0.9945,0.64,0.6,0.9675,0.9815
2026-03-03 09:53:00,0.9945,0.64,0.6,0.9675,0.9815
2026-03-03 09:54:00,0.9945,0.64,0.6,0.9675,0.9815
2026-03-03 09:55:00,0.9945,0.64,0.6,0.9675,0.9815
2026-03-03 09:56:00,0.9945,0.64,0.6,0.969,0.9785
2026-03-03 09:57:00,0.9945,0.64,0.6,0.97,0.9785
2026-03-03 09:58:00,0.9945,0.64,0.6,0.9695,0.9785
2026-03-03 09:59:00,0.9945,0.625,0.6,0.9715,0.9785
2026-03-03 10:01:00,0.9945,0.625,0.6,0.9735,0.9785
2026-03-03 10:02:00,0.9945,0.625,0.6,0.9695,0.9785
2026-03-03 10:03:00,0.9945,0.625,0.6,0.9695,0.9785
2026-03-03 10:04:00,0.9945,0.625,0.6,0.9695,0.9785
2026-03-03 10:05:00,0.9945,0.625,0.6,0.9695,0.9785
2026-03-03 10:06:00,0.9945,0.625,0.6,0.9695,0.9785
2026-03-03 10:07:00,0.9945,0.625,0.6,0.9695,0.977
2026-03-03 10:08:00,0.9945,0.625,0.6,0.9695,0.977
2026-03-03 10:09:00,0.9945,0.625,0.6,0.9695,0.977
2026-03-03 10:10:00,0.9945,0.625,0.6,0.9695,0.9785
2026-03-03 10:11:00,0.9945,0.625,0.6,0.9695,0.977
2026-03-03 10:12:00,0.9945,0.625,0.6,0.9695,0.977
2026-03-03 10:13:00,0.9945,0.625,0.6,0.9695,0.977
2026-03-03 10:14:00,0.9945,0.625,0.6,0.9695,0.977
2026-03-03 10:15:00,0.9945,0.625,0.6,0.9695,0.977
2026-03-03 10:16:00,0.9945,0.625,0.6,0.9695,0.977
2026-03-03 10:17:00,0.9945,0.625,0.6,0.9695,0.977
2026-03-03 10:18:00,0.9945,0.635,0.6,0.9745,0.9775
2026-03-03 10:19:00,0.9945,0.635,0.6,0.9745,0.977
2026-03-03 10:20:00,0.9945,0.635,0.6,0.9685,0.9775
2026-03-03 10:21:00,0.9945,0.635,0.6,0.969,0.9775
2026-03-03 10:22:00,0.9945,0.635,0.6,0.969,0.9785
2026-03-03 10:23:00,0.9945,0.635,0.6,0.969,0.9785
2026-03-03 10:24:00,0.9945,0.635,0.6,0.969,0.977
2026-03-03 10:25:00,0.9945,0.635,0.6,0.9685,0.977
2026-03-03 10:26:00,0.9945,0.635,0.6,0.969,0.9775
2026-03-03 10:27:00,0.9945,0.635,0.6,0.969,0.9775
2026-03-03 10:28:00,0.9945,0.635,0.6,0.969,0.977
2026-03-03 10:29:00,0.9945,0.635,0.6,0.969,0.9775
2026-03-03 10:30:00,0.9945,0.635,0.6,0.969,0.9775
2026-03-03 10:31:00,0.9945,0.635,0.6,0.968,0.977
2026-03-03 10:32:00,0.9945,0.635,0.6,0.9675,0.9775
2026-03-03 10:33:00,0.9945,0.635,0.6,0.9675,0.9815
2026-03-03 10:34:00,0.9945,0.635,0.6,0.9675,0.981
2026-03-03 10:35:00,0.9945,0.635,0.6,0.9675,0.981
2026-03-03 10:36:00,0.9945,0.635,0.6,0.9675,0.9815
2026-03-03 10:37:00,0.9945,0.635,0.6,0.9675,0.9795
2026-03-03 10:39:00,0.9945,0.635,0.6,0.9675,0.9795
2026-03-03 10:40:00,0.9945,0.635,0.6,0.9675,0.98
2026-03-03 10:41:00,0.9945,0.635,0.6,0.9675,0.979
2026-03-03 10:42:00,0.9945,0.635,0.6,0.9675,0.9785
2026-03-03 10:44:00,0.9945,0.635,0.6,0.9675,0.979
2026-03-03 10:45:00,0.9945,0.635,0.6,0.9675,0.9795
2026-03-03 10:46:00,0.9945,0.635,0.6,0.9675,0.98
2026-03-03 10:47:00,0.9945,0.635,0.6,0.9685,0.9795
2026-03-03 10:48:00,0.9945,0.635,0.6,0.9665,0.9815
2026-03-03 10:49:00,0.9945,0.635,0.6,0.9665,0.9795
2026-03-03 10:50:00,0.9945,0.61,0.6,0.9665,0.9795
2026-03-03 10:51:00,0.9945,0.61,0.6,0.9665,0.98
2026-03-03 10:52:00,0.9945,0.6,0.6,0.9665,0.9795
2026-03-03 10:53:00,0.9945,0.6,0.6,0.9665,0.9825
2026-03-03 10:54:00,0.9945,0.6,0.6,0.9665,0.983
2026-03-03 10:55:00,0.9945,0.6,0.6,0.9665,0.983
2026-03-03 10:56:00,0.9945,0.6,0.6,0.9665,0.979
2026-03-03 10:57:00,0.9945,0.6,0.6,0.969,0.98
2026-03-03 10:58:00,0.9945,0.6,0.6,0.9685,0.985
2026-03-03 10:59:00,0.9945,0.6,0.6,0.9675,0.985
2026-03-03 11:00:00,0.9945,0.6,0.6,0.9665,0.9795
2026-03-03 11:01:00,0.9945,0.6,0.6,0.968,0.982
2026-03-03 11:02:00,0.9945,0.6,0.6,0.968,0.983
2026-03-03 11:03:00,0.9945,0.6,0.6,0.969,0.9825
2026-03-03 11:05:00,0.9945,0.6,0.6,0.9685,0.983
2026-03-03 11:06:00,0.9945,0.6,0.6,0.9675,0.982
2026-03-03 11:07:00,0.9945,0.6,0.6,0.9675,0.9825
2026-03-03 11:08:00,0.9945,0.6,0.6,0.9675,0.9825
2026-03-03 11:09:00,0.9945,0.6,0.6,0.9675,0.9825
2026-03-03 11:10:00,0.9945,0.6,0.6,0.9675,0.982
2026-03-03 11:11:00,0.9945,0.6,0.6,0.9675,0.982
2026-03-03 11:12:00,0.9945,0.6,0.6,0.9675,0.984
2026-03-03 11:13:00,0.9945,0.6,0.6,0.9675,0.9805
2026-03-03 11:14:00,0.9945,0.595,0.6,0.9675,0.9825
2026-03-03 11:15:00,0.9945,0.595,0.6,0.9675,0.9825
2026-03-03 11:16:00,0.9945,0.595,0.6,0.9675,0.981
2026-03-03 11:17:00,0.9945,0.595,0.6,0.9675,0.9795
2026-03-03 11:18:00,0.9945,0.595,0.6,0.9675,0.9825
2026-03-03 11:19:00,0.9945,0.595,0.6,0.968,0.981
2026-03-03 11:20:00,0.9945,0.595,0.6,0.968,0.9805
2026-03-03 11:21:00,0.9945,0.595,0.6,0.968,0.9795
2026-03-03 11:22:00,0.9945,0.595,0.6,0.968,0.9815
2026-03-03 11:23:00,0.9945,0.595,0.6,0.968,0.9815
2026-03-03 11:24:00,0.9945,0.595,0.6,0.968,0.9805
2026-03-03 11:25:00,0.9945,0.595,0.6,0.968,0.9835
2026-03-03 11:26:00,0.9945,0.595,0.6,0.968,0.983
2026-03-03 11:27:00,0.9945,0.595,0.6,0.968,0.9835
2026-03-03 11:28:00,0.9945,0.595,0.6,0.968,0.984
2026-03-03 11:29:00,0.9945,0.595,0.6,0.968,0.984
2026-03-03 11:30:00,0.9945,0.595,0.6,0.968,0.9805
2026-03-03 11:31:00,0.9945,0.595,0.6,0.968,0.984
2026-03-03 11:32:00,0.9945,0.59,0.6,0.968,0.985
2026-03-03 11:33:00,0.9945,0.59,0.6,0.9665,0.9825
2026-03-03 11:34:00,0.9945,0.59,0.6,0.9665,0.982
2026-03-03 11:35:00,0.9945,0.59,0.6,0.9665,0.9835
2026-03-03 11:37:00,0.9945,0.59,0.6,0.9715,0.9835
2026-03-03 11:38:00,0.9945,0.59,0.6,0.971,0.9835
2026-03-03 11:39:00,0.9945,0.59,0.6,0.9695,0.9835
2026-03-03 11:40:00,0.9945,0.59,0.6,0.9705,0.984
2026-03-03 11:41:00,0.9945,0.59,0.6,0.9705,0.984
2026-03-03 11:42:00,0.9945,0.59,0.6,0.969,0.984
2026-03-03 11:43:00,0.9945,0.59,0.6,0.97,0.984
2026-03-03 11:44:00,0.9945,0.59,0.6,0.97,0.9845
2026-03-03 11:45:00,0.9945,0.59,0.6,0.97,0.9845
2026-03-03 11:46:00,0.9945,0.59,0.6,0.969,0.9845
2026-03-03 11:47:00,0.9945,0.59,0.6,0.9715,0.9845
2026-03-03 11:48:00,0.9945,0.59,0.6,0.9695,0.9845
2026-03-03 11:49:00,0.9945,0.59,0.6,0.968,0.9845
2026-03-03 11:50:00,0.9945,0.59,0.6,0.9695,0.9845
2026-03-03 11:51:00,0.9945,0.59,0.6,0.968,0.984
2026-03-03 11:52:00,0.9945,0.59,0.6,0.968,0.984
2026-03-03 11:53:00,0.9945,0.59,0.6,0.968,0.984
2026-03-03 11:54:00,0.9945,0.59,0.6,0.968,0.984
2026-03-03 11:55:00,0.9945,0.59,0.6,0.968,0.984
2026-03-03 11:56:00,0.9945,0.59,0.6,0.968,0.984
2026-03-03 11:57:00,0.9945,0.59,0.6,0.968,0.984
2026-03-03 11:58:00,0.9945,0.59,0.6,0.967,0.984
2026-03-03 11:59:00,0.9945,0.59,0.6,0.967,0.984
2026-03-03 12:00:00,0.9945,0.59,0.6,0.9695,0.9845
2026-03-03 12:01:00,0.9945,0.59,0.6,0.9685,0.984
2026-03-03 12:02:00,0.9945,0.59,0.6,0.9685,0.9845
2026-03-03 12:03:00,0.9945,0.59,0.6,0.9685,0.9845
2026-03-03 12:04:00,0.9945,0.59,0.6,0.9685,0.984
2026-03-03 12:05:00,0.9945,0.59,0.6,0.9685,0.9835
2026-03-03 12:06:00,0.9945,0.59,0.6,0.968,0.9825
2026-03-03 12:08:00,0.9945,0.59,0.6,0.9685,0.9855
2026-03-03 12:09:00,0.9945,0.59,0.6,0.967,0.9875
2026-03-03 12:10:00,0.9945,0.59,0.6,0.9685,0.984
2026-03-03 12:11:00,0.9945,0.59,0.6,0.967,0.9825
2026-03-03 12:12:00,0.9945,0.59,0.6,0.967,0.988
2026-03-03 12:13:00,0.9945,0.59,0.6,0.967,0.9865
2026-03-03 12:14:00,0.9945,0.59,0.6,0.967,0.985
2026-03-03 12:15:00,0.9945,0.59,0.6,0.967,0.985
2026-03-03 12:16:00,0.9945,0.59,0.6,0.967,0.9895
2026-03-03 12:17:00,0.994,0.59,0.6,0.969,0.99
2026-03-03 12:18:00,0.994,0.59,0.6,0.9685,0.986
2026-03-03 12:19:00,0.994,0.59,0.6,0.9685,0.986
2026-03-03 12:20:00,0.994,0.59,0.6,0.969,0.9825
2026-03-03 12:21:00,0.994,0.59,0.6,0.9675,0.986
2026-03-03 12:22:00,0.994,0.59,0.6,0.9685,0.984
2026-03-03 12:23:00,0.994,0.59,0.6,0.9685,0.984
2026-03-03 12:24:00,0.994,0.59,0.6,0.9685,0.985
2026-03-03 12:25:00,0.994,0.59,0.6,0.9675,0.9855
2026-03-03 12:26:00,0.994,0.59,0.6,0.9685,0.9855
2026-03-03 12:27:00,0.994,0.59,0.6,0.9685,0.9895
2026-03-03 12:28:00,0.994,0.59,0.6,0.969,0.9895
2026-03-03 12:29:00,0.994,0.59,0.6,0.9685,0.985
2026-03-03 12:30:00,0.994,0.59,0.6,0.969,0.9825
2026-03-03 12:31:00,0.994,0.59,0.6,0.969,0.9875
2026-03-03 12:33:00,0.994,0.59,0.6,0.9675,0.9875
2026-03-03 12:34:00,0.994,0.59,0.6,0.967,0.986
2026-03-03 12:35:00,0.994,0.59,0.6,0.967,0.9855
2026-03-03 12:36:00,0.994,0.59,0.6,0.9675,0.9835
2026-03-03 12:37:00,0.994,0.59,0.6,0.9675,0.987
2026-03-03 12:38:00,0.994,0.59,0.6,0.9675,0.988
2026-03-03 12:39:00,0.994,0.59,0.6,0.9675,0.9885
2026-03-03 12:40:00,0.994,0.59,0.6,0.9675,0.9855
2026-03-03 12:41:00,0.9945,0.59,0.6,0.9675,0.987
2026-03-03 12:42:00,0.9945,0.59,0.6,0.9675,0.986
2026-03-03 12:43:00,0.9945,0.59,0.6,0.9675,0.9855
2026-03-03 12:44:00,0.9945,0.59,0.6,0.9675,0.983
2026-03-03 12:45:00,0.9945,0.59,0.6,0.9675,0.986
2026-03-03 12:46:00,0.9945,0.59,0.6,0.9675,0.99
2026-03-03 12:47:00,0.9945,0.59,0.6,0.9675,0.99
2026-03-03 12:48:00,0.9945,0.59,0.6,0.9675,0.986
2026-03-03 12:49:00,0.9945,0.59,0.6,0.9675,0.986
2026-03-03 12:50:00,0.9945,0.59,0.6,0.9675,0.989
2026-03-03 12:51:00,0.9945,0.59,0.6,0.9675,0.988
2026-03-03 12:52:00,0.9945,0.59,0.6,0.9675,0.993
2026-03-03 12:53:00,0.9945,0.59,0.6,0.9675,0.993
2026-03-03 12:54:00,0.9945,0.59,0.6,0.9675,0.993
2026-03-03 12:55:00,0.9945,0.59,0.6,0.9675,0.993
2026-03-03 12:56:00,0.9945,0.59,0.6,0.9675,0.993
2026-03-03 12:57:00,0.9945,0.59,0.6,0.9675,0.993
2026-03-03 12:58:00,0.9945,0.59,0.6,0.9675,0.993
2026-03-03 12:59:00,0.9945,0.585,0.6,0.9675,0.993
2026-03-03 13:00:00,0.9945,0.585,0.6,0.9675,0.993
2026-03-03 13:01:00,0.9945,0.585,0.6,0.9675,0.993
2026-03-03 13:02:00,0.9945,0.585,0.6,0.9675,0.993
2026-03-03 13:03:00,0.9945,0.585,0.6,0.9675,0.993
2026-03-03 13:04:00,0.9945,0.585,0.6,0.9675,0.993
2026-03-03 13:05:00,0.9945,0.585,0.6,0.9675,0.993
2026-03-03 13:06:00,0.9945,0.585,0.6,0.9675,0.993
2026-03-03 13:07:00,0.9945,0.585,0.6,0.9675,0.993
2026-03-03 13:08:00,0.9945,0.585,0.6,0.9675,0.993
2026-03-03 13:09:00,0.9945,0.585,0.6,0.9675,0.993
2026-03-03 13:10:00,0.9945,0.585,0.6,0.9675,0.993
2026-03-03 13:11:00,0.9945,0.585,0.6,0.9675,0.993
2026-03-03 13:12:00,0.9945,0.585,0.6,0.9675,0.993
2026-03-03 13:13:00,0.9945,0.585,0.6,0.9675,0.993
2026-03-03 13:14:00,0.9945,0.585,0.6,0.9675,0.993
2026-03-03 13:16:00,0.9945,0.585,0.6,0.9675,0.993
2026-03-03 13:17:00,0.9945,0.585,0.6,0.9675,0.993
2026-03-03 13:18:00,0.9945,0.585,0.6,0.9675,0.993
2026-03-03 13:19:00,0.9945,0.585,0.6,0.967,0.993
2026-03-03 13:20:00,0.9945,0.585,0.6,0.968,0.993
2026-03-03 13:21:00,0.9945,0.585,0.6,0.968,0.993
2026-03-03 13:22:00,0.995,0.585,0.6,0.968,0.9925
2026-03-03 13:23:00,0.995,0.585,0.6,0.968,0.993
2026-03-03 13:24:00,0.995,0.585,0.6,0.968,0.993
2026-03-03 13:25:00,0.995,0.585,0.6,0.968,0.993
2026-03-03 13:26:00,0.995,0.585,0.6,0.968,0.993
2026-03-03 13:27:00,0.995,0.585,0.6,0.968,0.993
2026-03-03 13:28:00,0.995,0.585,0.6,0.9675,0.993
2026-03-03 13:29:00,0.995,0.585,0.6,0.9675,0.993
2026-03-03 13:30:00,0.995,0.585,0.6,0.9675,0.993
2026-03-03 13:31:00,0.995,0.585,0.6,0.967,0.993
2026-03-03 13:32:00,0.995,0.585,0.6,0.967,0.993
2026-03-03 13:33:00,0.9945,0.585,0.6,0.967,0.993
2026-03-03 13:35:00,0.9945,0.585,0.6,0.967,0.993
2026-03-03 13:36:00,0.9945,0.585,0.6,0.967,0.993
2026-03-03 13:37:00,0.9945,0.585,0.6,0.967,0.993
2026-03-03 13:38:00,0.9945,0.585,0.6,0.968,0.993
2026-03-03 13:39:00,0.9945,0.585,0.6,0.968,0.993
2026-03-03 13:40:00,0.9945,0.585,0.6,0.968,0.993
2026-03-03 13:41:00,0.9945,0.585,0.6,0.968,0.993
2026-03-03 13:42:00,0.9945,0.585,0.6,0.968,0.993
2026-03-03 13:43:00,0.9945,0.585,0.6,0.968,0.993
2026-03-03 13:44:00,0.9945,0.585,0.6,0.968,0.993
